Workbook
Name DataKet3: Hasil_PG!$T$11:$BQ$29
Name DataRek1: [1]Instrumen!$O$11:$BL$94

Sheet Menu

Sheet Petunjuk
A1: Petunjuk Pengisian
A3: 1 | B3: Pengisian Biodata
B4: 1.1 | C4: Isilah sheet 'Biodata" dengan data yang sesuai
A5: 2 | B5: Pengisian data hasil telaah soal Pilihan Ganda (PG)
B6: 2.1 | C6: Isilah kolom yang diblok warna hijau dengan tanda "V" untuk yang sesuai dan tanda "X" untuk yang tidak sesuai
A7: 3 | B7: Pengisian data hasil telaah soal Uraian (UR)
B8: 3.1 | C8: Isilah kolom yang diblok warna hijau dengan tanda "V" untuk yang sesuai dan tanda "X" untuk yang tidak sesuai
A9: 4 | B9: Mencetak laporan hasil telaah soal
B10: 4.1 | C10: Cetaklah sheet 'Ins_PG' untuk Instrumen telaah soal Pilihan Ganda
B11: 4.2 | C11: Cetaklah sheet 'Ins_UR' untuk Instrumen telaah soal Uraian
B12: 4.3 | C12: Cetaklah sheet 'Hasil_PG' untuk hasil telaah soal Pilihan Ganda
B13: 4.4 | C13: Cetaklah sheet 'Hasil_UR' untuk hasil telaah soal Uraian
B14: 4.5 | C14: Cetaklah sheet 'Rekap'
B15: 4.6 | C15: Cetaklah sheet 'BA' untuk berita acara telaah soal
A16: 5 | B16: Editorial
B17: 5.1 | C17: Untuk kepentingan menyesuaikan jumlah soal format dapat menyesuaikan dengan cara kolom di-'hidden'

Sheet Biodata
A1: BIODATA ANALISIS KUALITATIF BUTIR SOAL
A4: Sekolah | B4: : | C4: SMK NEGERI 1 JATIROTO
A5: Alamat | B5: : | C5: Jl. Raya Jatiroto, Janggan, Kec. Jatiroto, Kab. Wonogiri
A6: Mata Pelajaran | B6: : | C6: Bahasa Inggris
A7: Pengawas Pembina | B7: : | C7: Indah Darmawati, SE, M.Pd | D7: NIP | E7: : | F7: 19770316 200701 2 002
A8: Penanggung Jawab/Pendamping | B8: : | C8: Drs. Suyono, M.Si | D8: NIP | E8: : | F8: 19630329 199512 1 003
A9: Ketua Tim Teaching | B9: : | C9: Galuh Wury Prabaningrum, S.Pd. | D9: NIP | E9: : | F9: 19770321 200801 2 012
A10: Penyusun Kisi-kisi dan Soal | B10: : | C10: Bhekti Tulus Martani, S.Pd. | D10: NIP | E10: : | F10: -
A11: Penelaah | B11: : | C11: Ade Setiyawan, S.Kom. | D11: NIP | E11: : | F11: -
A12: Jumlah Soal Pilihan Ganda | B12: : | C12: =VLOOKUP(C6,[2]Sheet2!A1:D20,3) -> 40
A13: Jumlah Soal Uraian | B13: : | C13: =VLOOKUP(C6,[2]Sheet2!A1:D20,4) -> 5
A14: Kurikulum | B14: : | C14: 2013 Rev
A15: Tahun Pelajaran | B15: : | C15: 2020/2021
A16: Hari Telaah | B16: : | C16: Selasa
A17: Pelaksanaan Telaah | B17: : | C17: 16 Maret 2021
A18: Kabupaten | B18: : | C18: Wonogiri
A19: Provinsi | B19: : | C19: Jawa Tengah

Sheet Telaah_PG
A1: Petunjuk
A2: Isilah kolom telaah soal dengan tanda "V" untuk yang sesuai atau tanda "X" untuk yang tidak sesuai pada setiap cel yang diblok warna hijau
A4: NO | B4: ASPEK | C4: INDIKATOR | G4: DESKRIPTOR | I4: telaah soal | BB4: skor soal | CU4: kategori | EN4: aspek lemah | HZ4: gabungan aspek lemah | JS4: rekomendasi No.
I5: 1 | J5: 2 | K5: 3 | L5: 4 | M5: 5 | N5: 6 | O5: 7 | P5: 8 | Q5: 9 | R5: 10 | S5: 11 | T5: 12 | U5: 13 | V5: 14 | W5: 15 | X5: 16 | Y5: 17 | Z5: 18 | AA5: 19 | AB5: 20 | AC5: 21 | AD5: 22 | AE5: 23 | AF5: 24 | AG5: 25 | AH5: 26 | AI5: 27 | AJ5: 28 | AK5: 29 | AL5: 30 | AM5: 31 | AN5: 32 | AO5: 33 | AP5: 34 | AQ5: 35 | AR5: 36 | AS5: 37 | AT5: 38 | AU5: 39 | AV5: 40 | AW5: 41 | AX5: 42 | AY5: 43 | AZ5: 44 | BA5: 45 | BB5: 1 | BC5: 2 | BD5: 3 | BE5: 4 | BF5: 5 | BG5: 6 | BH5: 7 | BI5: 8 | BJ5: 9 | BK5: 10 | BL5: 11 | BM5: 12 | BN5: 13 | BO5: 14 | BP5: 15 | BQ5: 16 | BR5: 17 | BS5: 18 | BT5: 19 | BU5: 20 | BV5: 21 | BW5: 22 | BX5: 23 | BY5: 24 | BZ5: 25 | CA5: 26 | CB5: 27 | CC5: 28 | CD5: 29 | CE5: 30 | CF5: 31 | CG5: 32 | CH5: 33 | CI5: 34 | CJ5: 35 | CK5: 36 | CL5: 37 | CM5: 38 | CN5: 39 | CO5: 40 | CP5: 41 | CQ5: 42 | CR5: 43 | CS5: 44 | CT5: 45 | CU5: 1 | CV5: 2 | CW5: 3 | CX5: 4 | CY5: 5 | CZ5: 6 | DA5: 7 | DB5: 8 | DC5: 9 | DD5: 10 | DE5: 11 | DF5: 12 | DG5: 13 | DH5: 14 | DI5: 15 | DJ5: 16 | DK5: 17 | DL5: 18 | DM5: 19 | DN5: 20 | DO5: 21 | DP5: 22 | DQ5: 23 | DR5: 24 | DS5: 25 | DT5: 26 | DU5: 27 | DV5: 28 | DW5: 29 | DX5: 30 | DY5: 31 | DZ5: 32 | EA5: 33 | EB5: 34 | EC5: 35 | ED5: 36 | EE5: 37 | EF5: 38 | EG5: 39 | EH5: 40 | EI5: 41 | EJ5: 42 | EK5: 43 | EL5: 44 | EM5: 45 | EN5: 1 | EO5: 2 | EP5: 3 | EQ5: 4 | ER5: 5 | ES5: 6 | ET5: 7 | EU5: 8 | EV5: 9 | EW5: 10 | EX5: 11 | EY5: 12 | EZ5: 13 | FA5: 14 | FB5: 15 | FC5: 16 | FD5: 17 | FE5: 18 | FF5: 19 | FG5: 20 | FH5: 21 | FI5: 22 | FJ5: 23 | FK5: 24 | FL5: 25 | FM5: 26 | FN5: 27 | FO5: 28 | FP5: 29 | FQ5: 30 | FR5: 31 | FS5: 32 | FT5: 33 | FU5: 34 | FV5: 35 | FW5: 36 | FX5: 37 | FY5: 38 | FZ5: 39 | GA5: 40 | GB5: 41 | GC5: 42 | GD5: 43 | GE5: 44 | GF5: 45 | GG5: 1 | GH5: 2 | GI5: 3 | GJ5: 4 | GK5: 5 | GL5: 6 | GM5: 7 | GN5: 8 | GO5: 9 | GP5: 10 | GQ5: 11 | GR5: 12 | GS5: 13 | GT5: 14 | GU5: 15 | GV5: 16 | GW5: 17 | GX5: 18 | GY5: 19 | GZ5: 20 | HA5: 21 | HB5: 22 | HC5: 23 | HD5: 24 | HE5: 25 | HF5: 26 | HG5: 27 | HH5: 28 | HI5: 29 | HJ5: 30 | HK5: 31 | HL5: 32 | HM5: 33 | HN5: 34 | HO5: 35 | HP5: 36 | HQ5: 37 | HR5: 38 | HS5: 39 | HT5: 40 | HU5: 41 | HV5: 42 | HW5: 43 | HX5: 44 | HY5: 45 | HZ5: 1 | IA5: 2 | IB5: 3 | IC5: 4 | ID5: 5 | IE5: 6 | IF5: 7 | IG5: 8 | IH5: 9 | II5: 10 | IJ5: 11 | IK5: 12 | IL5: 13 | IM5: 14 | IN5: 15 | IO5: 16 | IP5: 17 | IQ5: 18 | IR5: 19 | IS5: 20 | IT5: 21 | IU5: 22 | IV5: 23 | IW5: 24 | IX5: 25 | IY5: 26 | IZ5: 27 | JA5: 28 | JB5: 29 | JC5: 30 | JD5: 31 | JE5: 32 | JF5: 33 | JG5: 34 | JH5: 35 | JI5: 36 | JJ5: 37 | JK5: 38 | JL5: 39 | JM5: 40 | JN5: 41 | JO5: 42 | JP5: 43 | JQ5: 44 | JR5: 45 | JS5: 1 | JT5: 2 | JU5: 3 | JV5: 4 | JW5: 5 | JX5: 6 | JY5: 7 | JZ5: 8 | KA5: 9 | KB5: 10 | KC5: 11 | KD5: 12 | KE5: 13 | KF5: 14 | KG5: 15 | KH5: 16 | KI5: 17 | KJ5: 18 | KK5: 19 | KL5: 20 | KM5: 21 | KN5: 22 | KO5: 23 | KP5: 24 | KQ5: 25 | KR5: 26 | KS5: 27 | KT5: 28 | KU5: 29 | KV5: 30 | KW5: 31 | KX5: 32 | KY5: 33 | KZ5: 34 | LA5: 35 | LB5: 36 | LC5: 37 | LD5: 38 | LE5: 39 | LF5: 40 | LG5: 41 | LH5: 42 | LI5: 43 | LJ5: 44 | LK5: 45
A6: I. | B6: HAL-HAL PENTING | C6: A. | D6: Soal tidak menyinggung SARA | G6: ● | H6: tidak menyinggung suku | I6: v | J6: v | K6: v | L6: v | M6: v | N6: v | O6: v | P6: v | Q6: v | R6: v | S6: v | T6: v | U6: v | V6: v | W6: v | X6: v | Y6: v | Z6: v | AA6: v | AB6: v | AC6: v | AD6: v | AE6: v | AF6: v | AG6: v | AH6: v | AI6: v | AJ6: v | AK6: v | AL6: v | AM6: v | AN6: v | AO6: v | AP6: v | AQ6: v | AR6: v | AS6: v | AT6: v | AU6: v | AV6: v | BB6: =IF(AND(I6="",I7="",I8="",I9=""),"",IF(COUNTIF(I6:I9,"v")>=3,2,IF(AND(COUNTIF(I6:I9,"v")>=1,COUNTIF(I6:I9,"v")<=3),1,0))) -> 2 | BC6: =IF(AND(J6="",J7="",J8="",J9=""),"",IF(COUNTIF(J6:J9,"v")>=3,2,IF(AND(COUNTIF(J6:J9,"v")>=1,COUNTIF(J6:J9,"v")<=3),1,0))) -> 2 | BD6: =IF(AND(K6="",K7="",K8="",K9=""),"",IF(COUNTIF(K6:K9,"v")>=3,2,IF(AND(COUNTIF(K6:K9,"v")>=1,COUNTIF(K6:K9,"v")<=3),1,0))) -> 2 | BE6: =IF(AND(L6="",L7="",L8="",L9=""),"",IF(COUNTIF(L6:L9,"v")>=3,2,IF(AND(COUNTIF(L6:L9,"v")>=1,COUNTIF(L6:L9,"v")<=3),1,0))) -> 2 | BF6: =IF(AND(M6="",M7="",M8="",M9=""),"",IF(COUNTIF(M6:M9,"v")>=3,2,IF(AND(COUNTIF(M6:M9,"v")>=1,COUNTIF(M6:M9,"v")<=3),1,0))) -> 2 | BG6: =IF(AND(N6="",N7="",N8="",N9=""),"",IF(COUNTIF(N6:N9,"v")>=3,2,IF(AND(COUNTIF(N6:N9,"v")>=1,COUNTIF(N6:N9,"v")<=3),1,0))) -> 2 | BH6: =IF(AND(O6="",O7="",O8="",O9=""),"",IF(COUNTIF(O6:O9,"v")>=3,2,IF(AND(COUNTIF(O6:O9,"v")>=1,COUNTIF(O6:O9,"v")<=3),1,0))) -> 2 | BI6: =IF(AND(P6="",P7="",P8="",P9=""),"",IF(COUNTIF(P6:P9,"v")>=3,2,IF(AND(COUNTIF(P6:P9,"v")>=1,COUNTIF(P6:P9,"v")<=3),1,0))) -> 2 | ... CT6: =IF(AND(BA6="",BA7="",BA8="",BA9=""),"",IF(COUNTIF(BA6:BA9,"v")>=3,2,IF(AND(COUNTIF(BA6:BA9,"v")>=1,COUNTIF(BA6:BA9,"v")<=3),1,0))) | CU6: =IF(BB6="","",IF(BB6=0,"Ditolak",IF(BB6=1,"Diperbaiki","Digunakan"))) -> Digunakan | CV6: =IF(BC6="","",IF(BC6=0,"Ditolak",IF(AND(BC6>=1,BC6<4),"Diperbaiki","Digunakan"))) -> Diperbaiki | CW6: =IF(BD6="","",IF(BD6=0,"Ditolak",IF(AND(BD6>=1,BD6<4),"Diperbaiki","Digunakan"))) -> Diperbaiki | CX6: =IF(BE6="","",IF(BE6=0,"Ditolak",IF(AND(BE6>=1,BE6<4),"Diperbaiki","Digunakan"))) -> Diperbaiki | CY6: =IF(BF6="","",IF(BF6=0,"Ditolak",IF(AND(BF6>=1,BF6<4),"Diperbaiki","Digunakan"))) -> Diperbaiki | CZ6: =IF(BG6="","",IF(BG6=0,"Ditolak",IF(AND(BG6>=1,BG6<4),"Diperbaiki","Digunakan"))) -> Diperbaiki | DA6: =IF(BH6="","",IF(BH6=0,"Ditolak",IF(AND(BH6>=1,BH6<4),"Diperbaiki","Digunakan"))) -> Diperbaiki | DB6: =IF(BI6="","",IF(BI6=0,"Ditolak",IF(AND(BI6>=1,BI6<4),"Diperbaiki","Digunakan"))) -> Diperbaiki | DC6: =IF(BJ6="","",IF(BJ6=0,"Ditolak",IF(AND(BJ6>=1,BJ6<4),"Diperbaiki","Digunakan"))) -> Diperbaiki | ... EM6: =IF(CT6="","",IF(CT6=0,"Ditolak",IF(AND(CT6>=1,CT6<4),"Diperbaiki","Digunakan"))) | EN6: =IF(COUNTIF(CU6:CU14,"Diperbaiki")>=1,"hal-hal penting","") | EO6: =IF(COUNTIF(CV6:CV14,"Diperbaiki")>=1,"hal-hal penting","") -> hal-hal penting | EP6: =IF(COUNTIF(CW6:CW14,"Diperbaiki")>=1,"hal-hal penting","") -> hal-hal penting | EQ6: =IF(COUNTIF(CX6:CX14,"Diperbaiki")>=1,"hal-hal penting","") -> hal-hal penting | ER6: =IF(COUNTIF(CY6:CY14,"Diperbaiki")>=1,"hal-hal penting","") -> hal-hal penting | ES6: =IF(COUNTIF(CZ6:CZ14,"Diperbaiki")>=1,"hal-hal penting","") -> hal-hal penting | ET6: =IF(COUNTIF(DA6:DA14,"Diperbaiki")>=1,"hal-hal penting","") -> hal-hal penting | EU6: =IF(COUNTIF(DB6:DB14,"Diperbaiki")>=1,"hal-hal penting","") -> hal-hal penting | ... GF6: =IF(COUNTIF(EM6:EM14,"Diperbaiki")>=1,"hal-hal penting","") | GG6: =IF(EN6="","",",") | GH6: =IF(EO6="","",",") -> , | GI6: =IF(EP6="","",",") -> , | GJ6: =IF(EQ6="","",",") -> , | GK6: =IF(ER6="","",",") -> , | GL6: =IF(ES6="","",",") -> , | GM6: =IF(ET6="","",",") -> , | GN6: =IF(EU6="","",",") -> , | ... HY6: =IF(GF6="","",",") | HZ6: =CONCATENATE(EN6,GG6," ",EN15,GG15," ",EN21,GG21," ",EN39,GG39," ",EN47) -> HOTS | IA6: =CONCATENATE(EO6,GH6," ",EO15,GH15," ",EO21,GH21," ",EO39,GH39," ",EO47) -> hal-hal penting, HOTS | IB6: =CONCATENATE(EP6,GI6," ",EP15,GI15," ",EP21,GI21," ",EP39,GI39," ",EP47) -> hal-hal penting, HOTS | IC6: =CONCATENATE(EQ6,GJ6," ",EQ15,GJ15," ",EQ21,GJ21," ",EQ39,GJ39," ",EQ47) -> hal-hal penting, HOTS | ID6: =CONCATENATE(ER6,GK6," ",ER15,GK15," ",ER21,GK21," ",ER39,GK39," ",ER47) -> hal-hal penting, HOTS | IE6: =CONCATENATE(ES6,GL6," ",ES15,GL15," ",ES21,GL21," ",ES39,GL39," ",ES47) -> hal-hal penting, HOTS | IF6: =CONCATENATE(ET6,GM6," ",ET15,GM15," ",ET21,GM21," ",ET39,GM39," ",ET47) -> hal-hal penting, HOTS | IG6: =CONCATENATE(EU6,GN6," ",EU15,GN15," ",EU21,GN21," ",EU39,GN39," ",EU47) -> hal-hal penting, HOTS | ... JR6: =CONCATENATE(GF6,HY6," ",GF15,HY15," ",GF21,HY21," ",GF39,HY39," ",GF47) | JS6: =IF(HZ6="",CONCATENATE("Soal No."," ",JS5," ","dapat digunakan"),CONCATENATE("Soal No."," ",JS5," ","perlu perbaikan pada aspek"," ",HZ6)) -> Soal No. 1 perlu perbaikan pada aspek HOTS | JT6: =IF(IA6="",CONCATENATE("Soal No."," ",JT5," ","dapat digunakan"),CONCATENATE("Soal No."," ",JT5," ","perlu perbaikan pada aspek"," ",IA6)) -> Soal No. 2 perlu perbaikan pada aspek hal-hal penting, HOTS | JU6: =IF(IB6="",CONCATENATE("Soal No."," ",JU5," ","dapat digunakan"),CONCATENATE("Soal No."," ",JU5," ","perlu perbaikan pada aspek"," ",IB6)) -> Soal No. 3 perlu perbaikan pada aspek hal-hal penting, HOTS | JV6: =IF(IC6="",CONCATENATE("Soal No."," ",JV5," ","dapat digunakan"),CONCATENATE("Soal No."," ",JV5," ","perlu perbaikan pada aspek"," ",IC6)) -> Soal No. 4 perlu perbaikan pada aspek hal-hal penting, HOTS | JW6: =IF(ID6="",CONCATENATE("Soal No."," ",JW5," ","dapat digunakan"),CONCATENATE("Soal No."," ",JW5," ","perlu perbaikan pada aspek"," ",ID6)) -> Soal No. 5 perlu perbaikan pada aspek hal-hal penting, HOTS | JX6: =IF(IE6="",CONCATENATE("Soal No."," ",JX5," ","dapat digunakan"),CONCATENATE("Soal No."," ",JX5," ","perlu perbaikan pada aspek"," ",IE6)) -> Soal No. 6 perlu perbaikan pada aspek hal-hal penting, HOTS | JY6: =IF(IF6="",CONCATENATE("Soal No."," ",JY5," ","dapat digunakan"),CONCATENATE("Soal No."," ",JY5," ","perlu perbaikan pada aspek"," ",IF6)) -> Soal No. 7 perlu perbaikan pada aspek hal-hal penting, HOTS | JZ6: =IF(IG6="",CONCATENATE("Soal No."," ",JZ5," ","dapat digunakan"),CONCATENATE("Soal No."," ",JZ5," ","perlu perbaikan pada aspek"," ",IG6)) -> Soal No. 8 perlu perbaikan pada aspek hal-hal penting, HOTS | ... LK6: =IF(JR6="",CONCATENATE("Soal No."," ",LK5," ","dapat digunakan"),CONCATENATE("Soal No."," ",LK5," ","perlu perbaikan pada aspek"," ",JR6)) -> Soal No. 45 perlu perbaikan pada aspek
G7: ● | H7: tidak menyinggung agama | I7: v | J7: v | K7: v | L7: v | M7: v | N7: v | O7: v | P7: v | Q7: v | R7: v | S7: v | T7: v | U7: v | V7: v | W7: v | X7: v | Y7: v | Z7: v | AA7: v | AB7: v | AC7: v | AD7: v | AE7: v | AF7: v | AG7: v | AH7: v | AI7: v | AJ7: v | AK7: v | AL7: v | AM7: v | AN7: v | AO7: v | AP7: v | AQ7: v | AR7: v | AS7: v | AT7: v | AU7: v | AV7: v
G8: ● | H8: tidak menyinggung ras | I8: v | J8: v | K8: v | L8: v | M8: v | N8: v | O8: v | P8: v | Q8: v | R8: v | S8: v | T8: v | U8: v | V8: v | W8: v | X8: v | Y8: v | Z8: v | AA8: v | AB8: v | AC8: v | AD8: v | AE8: v | AF8: v | AG8: v | AH8: v | AI8: v | AJ8: v | AK8: v | AL8: v | AM8: v | AN8: v | AO8: v | AP8: v | AQ8: v | AR8: v | AS8: v | AT8: v | AU8: v | AV8: v | BB8: =IF(AND(I8="",I9=""),"",COUNTIF(I8:I9,"v")) -> 2 | BC8: =IF(AND(J8="",J9=""),"",COUNTIF(J8:J9,"v")) -> 2 | BD8: =IF(AND(K8="",K9=""),"",COUNTIF(K8:K9,"v")) -> 2 | BE8: =IF(AND(L8="",L9=""),"",COUNTIF(L8:L9,"v")) -> 2 | BF8: =IF(AND(M8="",M9=""),"",COUNTIF(M8:M9,"v")) -> 2 | BG8: =IF(AND(N8="",N9=""),"",COUNTIF(N8:N9,"v")) -> 2 | BH8: =IF(AND(O8="",O9=""),"",COUNTIF(O8:O9,"v")) -> 2 | BI8: =IF(AND(P8="",P9=""),"",COUNTIF(P8:P9,"v")) -> 2 | ... CT8: =IF(AND(BA8="",BA9=""),"",COUNTIF(BA8:BA9,"v"))
G9: ● | H9: tidak menyinggung antar golongan | I9: v | J9: v | K9: v | L9: v | M9: v | N9: v | O9: v | P9: v | Q9: v | R9: v | S9: v | T9: v | U9: v | V9: v | W9: v | X9: v | Y9: v | Z9: v | AA9: v | AB9: v | AC9: v | AD9: v | AE9: v | AF9: v | AG9: v | AH9: v | AI9: v | AJ9: v | AK9: v | AL9: v | AM9: v | AN9: v | AO9: v | AP9: v | AQ9: v | AR9: v | AS9: v | AT9: v | AU9: v | AV9: v
C10: B. | D10: Soal tidak bermuatan politik, pornografi, promosi produk komersil (iklan), kekerasan, dan bentuk lainnya yang dapat menimbulkan efek negatif | G10: ● | H10: tidak bermuatan politik | I10: v | J10: v | K10: v | L10: v | M10: v | N10: v | O10: v | P10: v | Q10: v | R10: v | S10: v | T10: v | U10: v | V10: v | W10: v | X10: v | Y10: v | Z10: v | AA10: v | AB10: v | AC10: v | AD10: v | AE10: v | AF10: v | AG10: v | AH10: v | AI10: v | AJ10: v | AK10: v | AL10: v | AM10: v | AN10: v | AO10: v | AP10: v | AQ10: v | AR10: v | AS10: v | AT10: v | AU10: v | AV10: v | BB10: =IF(AND(I10="",I11="",I12="",I13="",I14=""),"",IF(COUNTIF(I10:I14,"v")>=3,2,IF(AND(COUNTIF(I10:I14,"v")>=1,COUNTIF(I10:I14,"v")<=3),1,0))) -> 2 | BC10: =IF(AND(J10="",J11="",J12="",J13="",J14=""),"",IF(COUNTIF(J10:J14,"v")>=3,2,IF(AND(COUNTIF(J10:J14,"v")>=1,COUNTIF(J10:J14,"v")<=3),1,0))) -> 2 | BD10: =IF(AND(K10="",K11="",K12="",K13="",K14=""),"",IF(COUNTIF(K10:K14,"v")>=3,2,IF(AND(COUNTIF(K10:K14,"v")>=1,COUNTIF(K10:K14,"v")<=3),1,0))) -> 2 | BE10: =IF(AND(L10="",L11="",L12="",L13="",L14=""),"",IF(COUNTIF(L10:L14,"v")>=3,2,IF(AND(COUNTIF(L10:L14,"v")>=1,COUNTIF(L10:L14,"v")<=3),1,0))) -> 2 | BF10: =IF(AND(M10="",M11="",M12="",M13="",M14=""),"",IF(COUNTIF(M10:M14,"v")>=3,2,IF(AND(COUNTIF(M10:M14,"v")>=1,COUNTIF(M10:M14,"v")<=3),1,0))) -> 2 | BG10: =IF(AND(N10="",N11="",N12="",N13="",N14=""),"",IF(COUNTIF(N10:N14,"v")>=3,2,IF(AND(COUNTIF(N10:N14,"v")>=1,COUNTIF(N10:N14,"v")<=3),1,0))) -> 2 | BH10: =IF(AND(O10="",O11="",O12="",O13="",O14=""),"",IF(COUNTIF(O10:O14,"v")>=3,2,IF(AND(COUNTIF(O10:O14,"v")>=1,COUNTIF(O10:O14,"v")<=3),1,0))) -> 2 | BI10: =IF(AND(P10="",P11="",P12="",P13="",P14=""),"",IF(COUNTIF(P10:P14,"v")>=3,2,IF(AND(COUNTIF(P10:P14,"v")>=1,COUNTIF(P10:P14,"v")<=3),1,0))) -> 2 | ... CT10: =IF(AND(BA10="",BA11="",BA12="",BA13="",BA14=""),"",IF(COUNTIF(BA10:BA14,"v")>=3,2,IF(AND(COUNTIF(BA10:BA14,"v")>=1,COUNTIF(BA10:BA14,"v")<=3),1,0))) | CU10: =IF(BB10="","",IF(BB10=0,"Ditolak",IF(BB10=1,"Diperbaiki","Digunakan"))) -> Digunakan | CV10: =IF(BC10="","",IF(BC10=0,"Ditolak",IF(AND(BC10>=1,BC10<4),"Diperbaiki","Digunakan"))) -> Diperbaiki | CW10: =IF(BD10="","",IF(BD10=0,"Ditolak",IF(AND(BD10>=1,BD10<4),"Diperbaiki","Digunakan"))) -> Diperbaiki | CX10: =IF(BE10="","",IF(BE10=0,"Ditolak",IF(AND(BE10>=1,BE10<4),"Diperbaiki","Digunakan"))) -> Diperbaiki | CY10: =IF(BF10="","",IF(BF10=0,"Ditolak",IF(AND(BF10>=1,BF10<4),"Diperbaiki","Digunakan"))) -> Diperbaiki | CZ10: =IF(BG10="","",IF(BG10=0,"Ditolak",IF(AND(BG10>=1,BG10<4),"Diperbaiki","Digunakan"))) -> Diperbaiki | DA10: =IF(BH10="","",IF(BH10=0,"Ditolak",IF(AND(BH10>=1,BH10<4),"Diperbaiki","Digunakan"))) -> Diperbaiki | DB10: =IF(BI10="","",IF(BI10=0,"Ditolak",IF(AND(BI10>=1,BI10<4),"Diperbaiki","Digunakan"))) -> Diperbaiki | DC10: =IF(BJ10="","",IF(BJ10=0,"Ditolak",IF(AND(BJ10>=1,BJ10<4),"Diperbaiki","Digunakan"))) -> Diperbaiki | ... EM10: =IF(CT10="","",IF(CT10=0,"Ditolak",IF(AND(CT10>=1,CT10<4),"Diperbaiki","Digunakan")))
G11: ● | H11: tidak bermuatan pornografi | I11: v | J11: v | K11: v | L11: v | M11: v | N11: v | O11: v | P11: v | Q11: v | R11: v | S11: v | T11: v | U11: v | V11: v | W11: v | X11: v | Y11: v | Z11: v | AA11: v | AB11: v | AC11: v | AD11: v | AE11: v | AF11: v | AG11: v | AH11: v | AI11: v | AJ11: v | AK11: v | AL11: v | AM11: v | AN11: v | AO11: v | AP11: v | AQ11: v | AR11: v | AS11: v | AT11: v | AU11: v | AV11: v
G12: ● | H12: tidak bermuatan promosi | I12: v | J12: v | K12: v | L12: v | M12: v | N12: v | O12: v | P12: v | Q12: v | R12: v | S12: v | T12: v | U12: v | V12: v | W12: v | X12: v | Y12: v | Z12: v | AA12: v | AB12: v | AC12: v | AD12: v | AE12: v | AF12: v | AG12: v | AH12: v | AI12: v | AJ12: v | AK12: v | AL12: v | AM12: v | AN12: v | AO12: v | AP12: v | AQ12: v | AR12: v | AS12: v | AT12: v | AU12: v | AV12: v
G13: ● | H13: tidak bermuatan kekerasan | I13: v | J13: v | K13: v | L13: v | M13: v | N13: v | O13: v | P13: v | Q13: v | R13: v | S13: v | T13: v | U13: v | V13: v | W13: v | X13: v | Y13: v | Z13: v | AA13: v | AB13: v | AC13: v | AD13: v | AE13: v | AF13: v | AG13: v | AH13: v | AI13: v | AJ13: v | AK13: v | AL13: v | AM13: v | AN13: v | AO13: v | AP13: v | AQ13: v | AR13: v | AS13: v | AT13: v | AU13: v | AV13: v
G14: ● | H14: tidak menimbulkann efek negatif lainnya | I14: v | J14: v | K14: v | L14: v | M14: v | N14: v | O14: v | P14: v | Q14: v | R14: v | S14: v | T14: v | U14: v | V14: v | W14: v | X14: v | Y14: v | Z14: v | AA14: v | AB14: v | AC14: v | AD14: v | AE14: v | AF14: v | AG14: v | AH14: v | AI14: v | AJ14: v | AK14: v | AL14: v | AM14: v | AN14: v | AO14: v | AP14: v | AQ14: v | AR14: v | AS14: v | AT14: v | AU14: v | AV14: v
A15: II. | B15: KAIDAH PENULISAN SOAL | C15: A. | D15: MATERI | E15: 1 | F15: Soal sesuai dengan indikator. | G15: ● | H15: sesuai kisi-kisi soal yang ditetapkan | I15: v | J15: v | K15: v | L15: v | M15: v | N15: v | O15: v | P15: v | Q15: v | R15: v | S15: v | T15: v | U15: v | V15: v | W15: v | X15: v | Y15: v | Z15: v | AA15: v | AB15: v | AC15: v | AD15: v | AE15: v | AF15: v | AG15: v | AH15: v | AI15: v | AJ15: v | AK15: v | AL15: v | AM15: v | AN15: v | AO15: v | AP15: v | AQ15: v | AR15: v | AS15: v | AT15: v | AU15: v | AV15: v | BB15: =IF(AND(I15="",I16=""),"",COUNTIF(I15:I16,"v")) -> 2 | BC15: =IF(AND(J15="",J16=""),"",COUNTIF(J15:J16,"v")) -> 2 | BD15: =IF(AND(K15="",K16=""),"",COUNTIF(K15:K16,"v")) -> 2 | BE15: =IF(AND(L15="",L16=""),"",COUNTIF(L15:L16,"v")) -> 2 | BF15: =IF(AND(M15="",M16=""),"",COUNTIF(M15:M16,"v")) -> 2 | BG15: =IF(AND(N15="",N16=""),"",COUNTIF(N15:N16,"v")) -> 2 | BH15: =IF(AND(O15="",O16=""),"",COUNTIF(O15:O16,"v")) -> 2 | BI15: =IF(AND(P15="",P16=""),"",COUNTIF(P15:P16,"v")) -> 2 | ... CT15: =IF(AND(BA15="",BA16=""),"",COUNTIF(BA15:BA16,"v")) | CU15: =IF(BB15="","",IF(BB15=0,"Ditolak",IF(BB15=1,"Diperbaiki","Digunakan"))) -> Digunakan | CV15: =IF(BC15="","",IF(BC15=0,"Ditolak",IF(AND(BC15>=1,BC15<2),"Diperbaiki","Digunakan"))) -> Digunakan | CW15: =IF(BD15="","",IF(BD15=0,"Ditolak",IF(AND(BD15>=1,BD15<2),"Diperbaiki","Digunakan"))) -> Digunakan | CX15: =IF(BE15="","",IF(BE15=0,"Ditolak",IF(AND(BE15>=1,BE15<2),"Diperbaiki","Digunakan"))) -> Digunakan | CY15: =IF(BF15="","",IF(BF15=0,"Ditolak",IF(AND(BF15>=1,BF15<2),"Diperbaiki","Digunakan"))) -> Digunakan | CZ15: =IF(BG15="","",IF(BG15=0,"Ditolak",IF(AND(BG15>=1,BG15<2),"Diperbaiki","Digunakan"))) -> Digunakan | DA15: =IF(BH15="","",IF(BH15=0,"Ditolak",IF(AND(BH15>=1,BH15<2),"Diperbaiki","Digunakan"))) -> Digunakan | DB15: =IF(BI15="","",IF(BI15=0,"Ditolak",IF(AND(BI15>=1,BI15<2),"Diperbaiki","Digunakan"))) -> Digunakan | DC15: =IF(BJ15="","",IF(BJ15=0,"Ditolak",IF(AND(BJ15>=1,BJ15<2),"Diperbaiki","Digunakan"))) -> Digunakan | ... EM15: =IF(CT15="","",IF(CT15=0,"Ditolak",IF(AND(CT15>=1,CT15<2),"Diperbaiki","Digunakan"))) | EN15: =IF(COUNTIF(CU15:CU20,"Diperbaiki")>=1,"materi","") | EO15: =IF(COUNTIF(CV15:CV20,"Diperbaiki")>=1,"materi","") | EP15: =IF(COUNTIF(CW15:CW20,"Diperbaiki")>=1,"materi","") | EQ15: =IF(COUNTIF(CX15:CX20,"Diperbaiki")>=1,"materi","") | ER15: =IF(COUNTIF(CY15:CY20,"Diperbaiki")>=1,"materi","") | ES15: =IF(COUNTIF(CZ15:CZ20,"Diperbaiki")>=1,"materi","") | ET15: =IF(COUNTIF(DA15:DA20,"Diperbaiki")>=1,"materi","") | EU15: =IF(COUNTIF(DB15:DB20,"Diperbaiki")>=1,"materi","") | ... GF15: =IF(COUNTIF(EM15:EM20,"Diperbaiki")>=1,"materi","") | GG15: =IF(EN15="","",",") | GH15: =IF(EO15="","",",") | GI15: =IF(EP15="","",",") | GJ15: =IF(EQ15="","",",") | GK15: =IF(ER15="","",",") | GL15: =IF(ES15="","",",") | GM15: =IF(ET15="","",",") | GN15: =IF(EU15="","",",") | ... HY15: =IF(GF15="","",",")
G16: ● | H16: menanyakan perilaku dan materi yang akan diukur | I16: v | J16: v | K16: v | L16: v | M16: v | N16: v | O16: v | P16: v | Q16: v | R16: v | S16: v | T16: v | U16: v | V16: v | W16: v | X16: v | Y16: v | Z16: v | AA16: v | AB16: v | AC16: v | AD16: v | AE16: v | AF16: v | AG16: v | AH16: v | AI16: v | AJ16: v | AK16: v | AL16: v | AM16: v | AN16: v | AO16: v | AP16: v | AQ16: v | AR16: v | AS16: v | AT16: v | AU16: v | AV16: v
E17: 2 | F17: Pilihan jawaban homogen dan logis | G17: ● | H17: pilihan jawaban homogin | I17: v | J17: v | K17: v | L17: v | M17: v | N17: v | O17: v | P17: v | Q17: v | R17: v | S17: v | T17: v | U17: v | V17: v | W17: v | X17: v | Y17: v | Z17: v | AA17: v | AB17: v | AC17: v | AD17: v | AE17: v | AF17: v | AG17: v | AH17: v | AI17: v | AJ17: v | AK17: v | AL17: v | AM17: v | AN17: v | AO17: v | AP17: v | AQ17: v | AR17: v | AS17: v | AT17: v | AU17: v | AV17: v | BB17: =IF(AND(I17="",I18=""),"",COUNTIF(I17:I18,"v")) -> 2 | BC17: =IF(AND(J17="",J18=""),"",COUNTIF(J17:J18,"v")) -> 2 | BD17: =IF(AND(K17="",K18=""),"",COUNTIF(K17:K18,"v")) -> 2 | BE17: =IF(AND(L17="",L18=""),"",COUNTIF(L17:L18,"v")) -> 2 | BF17: =IF(AND(M17="",M18=""),"",COUNTIF(M17:M18,"v")) -> 2 | BG17: =IF(AND(N17="",N18=""),"",COUNTIF(N17:N18,"v")) -> 2 | BH17: =IF(AND(O17="",O18=""),"",COUNTIF(O17:O18,"v")) -> 2 | BI17: =IF(AND(P17="",P18=""),"",COUNTIF(P17:P18,"v")) -> 2 | ... CT17: =IF(AND(BA17="",BA18=""),"",COUNTIF(BA17:BA18,"v")) | CU17: =IF(BB17="","",IF(BB17=0,"Ditolak",IF(BB17=1,"Diperbaiki","Digunakan"))) -> Digunakan | CV17: =IF(BC17="","",IF(BC17=0,"Ditolak",IF(AND(BC17>=1,BC17<2),"Diperbaiki","Digunakan"))) -> Digunakan | CW17: =IF(BD17="","",IF(BD17=0,"Ditolak",IF(AND(BD17>=1,BD17<2),"Diperbaiki","Digunakan"))) -> Digunakan | CX17: =IF(BE17="","",IF(BE17=0,"Ditolak",IF(AND(BE17>=1,BE17<2),"Diperbaiki","Digunakan"))) -> Digunakan | CY17: =IF(BF17="","",IF(BF17=0,"Ditolak",IF(AND(BF17>=1,BF17<2),"Diperbaiki","Digunakan"))) -> Digunakan | CZ17: =IF(BG17="","",IF(BG17=0,"Ditolak",IF(AND(BG17>=1,BG17<2),"Diperbaiki","Digunakan"))) -> Digunakan | DA17: =IF(BH17="","",IF(BH17=0,"Ditolak",IF(AND(BH17>=1,BH17<2),"Diperbaiki","Digunakan"))) -> Digunakan | DB17: =IF(BI17="","",IF(BI17=0,"Ditolak",IF(AND(BI17>=1,BI17<2),"Diperbaiki","Digunakan"))) -> Digunakan | DC17: =IF(BJ17="","",IF(BJ17=0,"Ditolak",IF(AND(BJ17>=1,BJ17<2),"Diperbaiki","Digunakan"))) -> Digunakan | ... EM17: =IF(CT17="","",IF(CT17=0,"Ditolak",IF(AND(CT17>=1,CT17<2),"Diperbaiki","Digunakan")))
G18: ● | H18: pilihan jawaban logis | I18: v | J18: v | K18: v | L18: v | M18: v | N18: v | O18: v | P18: v | Q18: v | R18: v | S18: v | T18: v | U18: v | V18: v | W18: v | X18: v | Y18: v | Z18: v | AA18: v | AB18: v | AC18: v | AD18: v | AE18: v | AF18: v | AG18: v | AH18: v | AI18: v | AJ18: v | AK18: v | AL18: v | AM18: v | AN18: v | AO18: v | AP18: v | AQ18: v | AR18: v | AS18: v | AT18: v | AU18: v | AV18: v
E19: 3 | F19: Soal mempunyai satu jawaban yang benar atau yang paling benar. | G19: ● | H19: bentuk soal pilihan ganda dengan 5 opsi | I19: v | J19: v | K19: v | L19: v | M19: v | N19: v | O19: v | P19: v | Q19: v | R19: v | S19: v | T19: v | U19: v | V19: v | W19: v | X19: v | Y19: v | Z19: v | AA19: v | AB19: v | AC19: v | AD19: v | AE19: v | AF19: v | AG19: v | AH19: v | AI19: v | AJ19: v | AK19: v | AL19: v | AM19: v | AN19: v | AO19: v | AP19: v | AQ19: v | AR19: v | AS19: v | AT19: v | AU19: v | AV19: v | BB19: =IF(AND(I19="",I20=""),"",COUNTIF(I19:I20,"v")) -> 2 | BC19: =IF(AND(J19="",J20=""),"",COUNTIF(J19:J20,"v")) -> 2 | BD19: =IF(AND(K19="",K20=""),"",COUNTIF(K19:K20,"v")) -> 2 | BE19: =IF(AND(L19="",L20=""),"",COUNTIF(L19:L20,"v")) -> 2 | BF19: =IF(AND(M19="",M20=""),"",COUNTIF(M19:M20,"v")) -> 2 | BG19: =IF(AND(N19="",N20=""),"",COUNTIF(N19:N20,"v")) -> 2 | BH19: =IF(AND(O19="",O20=""),"",COUNTIF(O19:O20,"v")) -> 2 | BI19: =IF(AND(P19="",P20=""),"",COUNTIF(P19:P20,"v")) -> 2 | ... CT19: =IF(AND(BA19="",BA20=""),"",COUNTIF(BA19:BA20,"v")) | CU19: =IF(BB19="","",IF(BB19=0,"Ditolak",IF(BB19=1,"Diperbaiki","Digunakan"))) -> Digunakan | CV19: =IF(BC19="","",IF(BC19=0,"Ditolak",IF(AND(BC19>=1,BC19<2),"Diperbaiki","Digunakan"))) -> Digunakan | CW19: =IF(BD19="","",IF(BD19=0,"Ditolak",IF(AND(BD19>=1,BD19<2),"Diperbaiki","Digunakan"))) -> Digunakan | CX19: =IF(BE19="","",IF(BE19=0,"Ditolak",IF(AND(BE19>=1,BE19<2),"Diperbaiki","Digunakan"))) -> Digunakan | CY19: =IF(BF19="","",IF(BF19=0,"Ditolak",IF(AND(BF19>=1,BF19<2),"Diperbaiki","Digunakan"))) -> Digunakan | CZ19: =IF(BG19="","",IF(BG19=0,"Ditolak",IF(AND(BG19>=1,BG19<2),"Diperbaiki","Digunakan"))) -> Digunakan | DA19: =IF(BH19="","",IF(BH19=0,"Ditolak",IF(AND(BH19>=1,BH19<2),"Diperbaiki","Digunakan"))) -> Digunakan | DB19: =IF(BI19="","",IF(BI19=0,"Ditolak",IF(AND(BI19>=1,BI19<2),"Diperbaiki","Digunakan"))) -> Digunakan | DC19: =IF(BJ19="","",IF(BJ19=0,"Ditolak",IF(AND(BJ19>=1,BJ19<2),"Diperbaiki","Digunakan"))) -> Digunakan | ... EM19: =IF(CT19="","",IF(CT19=0,"Ditolak",IF(AND(CT19>=1,CT19<2),"Diperbaiki","Digunakan")))
G20: ● | H20: mempunyai satu jawaban benar | I20: v | J20: v | K20: v | L20: v | M20: v | N20: v | O20: v | P20: v | Q20: v | R20: v | S20: v | T20: v | U20: v | V20: v | W20: v | X20: v | Y20: v | Z20: v | AA20: v | AB20: v | AC20: v | AD20: v | AE20: v | AF20: v | AG20: v | AH20: v | AI20: v | AJ20: v | AK20: v | AL20: v | AM20: v | AN20: v | AO20: v | AP20: v | AQ20: v | AR20: v | AS20: v | AT20: v | AU20: v | AV20: v
C21: B. | D21: KONSTRUKSI | E21: 1 | F21: Pokok soal dirumuskan secara jelas dan tegas. | G21: ● | H21: pokok soal tidak membingungkan peserta ujian | I21: v | J21: v | K21: v | L21: v | M21: v | N21: v | O21: v | P21: v | Q21: v | R21: v | S21: v | T21: v | U21: v | V21: v | W21: v | X21: v | Y21: v | Z21: v | AA21: v | AB21: v | AC21: v | AD21: v | AE21: v | AF21: v | AG21: v | AH21: v | AI21: v | AJ21: v | AK21: v | AL21: v | AM21: v | AN21: v | AO21: v | AP21: v | AQ21: v | AR21: v | AS21: v | AT21: v | AU21: v | AV21: v | BB21: =IF(AND(I21="",I22=""),"",COUNTIF(I21:I22,"v")) -> 2 | BC21: =IF(AND(J21="",J22=""),"",COUNTIF(J21:J22,"v")) -> 2 | BD21: =IF(AND(K21="",K22=""),"",COUNTIF(K21:K22,"v")) -> 2 | BE21: =IF(AND(L21="",L22=""),"",COUNTIF(L21:L22,"v")) -> 2 | BF21: =IF(AND(M21="",M22=""),"",COUNTIF(M21:M22,"v")) -> 2 | BG21: =IF(AND(N21="",N22=""),"",COUNTIF(N21:N22,"v")) -> 2 | BH21: =IF(AND(O21="",O22=""),"",COUNTIF(O21:O22,"v")) -> 2 | BI21: =IF(AND(P21="",P22=""),"",COUNTIF(P21:P22,"v")) -> 2 | ... CT21: =IF(AND(BA21="",BA22=""),"",COUNTIF(BA21:BA22,"v")) | CU21: =IF(BB21="","",IF(BB21=0,"Ditolak",IF(BB21=1,"Diperbaiki","Digunakan"))) -> Digunakan | CV21: =IF(BC21="","",IF(BC21=0,"Ditolak",IF(AND(BC21>=1,BC21<2),"Diperbaiki","Digunakan"))) -> Digunakan | CW21: =IF(BD21="","",IF(BD21=0,"Ditolak",IF(AND(BD21>=1,BD21<2),"Diperbaiki","Digunakan"))) -> Digunakan | CX21: =IF(BE21="","",IF(BE21=0,"Ditolak",IF(AND(BE21>=1,BE21<2),"Diperbaiki","Digunakan"))) -> Digunakan | CY21: =IF(BF21="","",IF(BF21=0,"Ditolak",IF(AND(BF21>=1,BF21<2),"Diperbaiki","Digunakan"))) -> Digunakan | CZ21: =IF(BG21="","",IF(BG21=0,"Ditolak",IF(AND(BG21>=1,BG21<2),"Diperbaiki","Digunakan"))) -> Digunakan | DA21: =IF(BH21="","",IF(BH21=0,"Ditolak",IF(AND(BH21>=1,BH21<2),"Diperbaiki","Digunakan"))) -> Digunakan | DB21: =IF(BI21="","",IF(BI21=0,"Ditolak",IF(AND(BI21>=1,BI21<2),"Diperbaiki","Digunakan"))) -> Digunakan | DC21: =IF(BJ21="","",IF(BJ21=0,"Ditolak",IF(AND(BJ21>=1,BJ21<2),"Diperbaiki","Digunakan"))) -> Digunakan | ... EM21: =IF(CT21="","",IF(CT21=0,"Ditolak",IF(AND(CT21>=1,CT21<2),"Diperbaiki","Digunakan"))) | EN21: =IF(COUNTIF(CU21:EH38,"Diperbaiki")>=1,"konstruksi","") | EO21: =IF(COUNTIF(CV21:EN38,"Diperbaiki")>=1,"konstruksi","") | EP21: =IF(COUNTIF(CW21:EO38,"Diperbaiki")>=1,"konstruksi","") | EQ21: =IF(COUNTIF(CX21:EP38,"Diperbaiki")>=1,"konstruksi","") | ER21: =IF(COUNTIF(CY21:EQ38,"Diperbaiki")>=1,"konstruksi","") | ES21: =IF(COUNTIF(CZ21:ER38,"Diperbaiki")>=1,"konstruksi","") | ET21: =IF(COUNTIF(DA21:ES38,"Diperbaiki")>=1,"konstruksi","") | EU21: =IF(COUNTIF(DB21:ET38,"Diperbaiki")>=1,"konstruksi","") | EV21: =IF(COUNTIF(DC21:EU38,"Diperbaiki")>=1,"konstruksi","") | ... GF21: =IF(COUNTIF(EM21:GE38,"Diperbaiki")>=1,"konstruksi","") | GG21: =IF(EN21="","",",") | GH21: =IF(EO21="","",",") | GI21: =IF(EP21="","",",") | GJ21: =IF(EQ21="","",",") | GK21: =IF(ER21="","",",") | GL21: =IF(ES21="","",",") | GM21: =IF(ET21="","",",") | GN21: =IF(EU21="","",",") | ... HY21: =IF(GF21="","",",")
G22: ● | H22: pokok soal dirumuskan tegas | I22: v | J22: v | K22: v | L22: v | M22: v | N22: v | O22: v | P22: v | Q22: v | R22: v | S22: v | T22: v | U22: v | V22: v | W22: v | X22: v | Y22: v | Z22: v | AA22: v | AB22: v | AC22: v | AD22: v | AE22: v | AF22: v | AG22: v | AH22: v | AI22: v | AJ22: v | AK22: v | AL22: v | AM22: v | AN22: v | AO22: v | AP22: v | AQ22: v | AR22: v | AS22: v | AT22: v | AU22: v | AV22: v
E23: 2 | F23: Pokok soal dan pilihan jawaban merupakan pernyataan yang diperlukan | G23: ● | H23: pokok soal merupakan pernyataan yang diperlukan | I23: v | J23: v | K23: v | L23: v | M23: v | N23: v | O23: v | P23: v | Q23: v | R23: v | S23: v | T23: v | U23: v | V23: v | W23: v | X23: v | Y23: v | Z23: v | AA23: v | AB23: v | AC23: v | AD23: v | AE23: v | AF23: v | AG23: v | AH23: v | AI23: v | AJ23: v | AK23: v | AL23: v | AM23: v | AN23: v | AO23: v | AP23: v | AQ23: v | AR23: v | AS23: v | AT23: v | AU23: v | AV23: v | BB23: =IF(AND(I23="",I24=""),"",COUNTIF(I23:I24,"v")) -> 2 | BC23: =IF(AND(J23="",J24=""),"",COUNTIF(J23:J24,"v")) -> 2 | BD23: =IF(AND(K23="",K24=""),"",COUNTIF(K23:K24,"v")) -> 2 | BE23: =IF(AND(L23="",L24=""),"",COUNTIF(L23:L24,"v")) -> 2 | BF23: =IF(AND(M23="",M24=""),"",COUNTIF(M23:M24,"v")) -> 2 | BG23: =IF(AND(N23="",N24=""),"",COUNTIF(N23:N24,"v")) -> 2 | BH23: =IF(AND(O23="",O24=""),"",COUNTIF(O23:O24,"v")) -> 2 | BI23: =IF(AND(P23="",P24=""),"",COUNTIF(P23:P24,"v")) -> 2 | ... CT23: =IF(AND(BA23="",BA24=""),"",COUNTIF(BA23:BA24,"v")) | CU23: =IF(BB23="","",IF(BB23=0,"Ditolak",IF(BB23=1,"Diperbaiki","Digunakan"))) -> Digunakan | CV23: =IF(BC23="","",IF(BC23=0,"Ditolak",IF(AND(BC23>=1,BC23<2),"Diperbaiki","Digunakan"))) -> Digunakan | CW23: =IF(BD23="","",IF(BD23=0,"Ditolak",IF(AND(BD23>=1,BD23<2),"Diperbaiki","Digunakan"))) -> Digunakan | CX23: =IF(BE23="","",IF(BE23=0,"Ditolak",IF(AND(BE23>=1,BE23<2),"Diperbaiki","Digunakan"))) -> Digunakan | CY23: =IF(BF23="","",IF(BF23=0,"Ditolak",IF(AND(BF23>=1,BF23<2),"Diperbaiki","Digunakan"))) -> Digunakan | CZ23: =IF(BG23="","",IF(BG23=0,"Ditolak",IF(AND(BG23>=1,BG23<2),"Diperbaiki","Digunakan"))) -> Digunakan | DA23: =IF(BH23="","",IF(BH23=0,"Ditolak",IF(AND(BH23>=1,BH23<2),"Diperbaiki","Digunakan"))) -> Digunakan | DB23: =IF(BI23="","",IF(BI23=0,"Ditolak",IF(AND(BI23>=1,BI23<2),"Diperbaiki","Digunakan"))) -> Digunakan | DC23: =IF(BJ23="","",IF(BJ23=0,"Ditolak",IF(AND(BJ23>=1,BJ23<2),"Diperbaiki","Digunakan"))) -> Digunakan | ... EM23: =IF(CT23="","",IF(CT23=0,"Ditolak",IF(AND(CT23>=1,CT23<2),"Diperbaiki","Digunakan")))
G24: ● | H24: pilihan jawaban merupakan pernyataan yang diperlukan | I24: v | J24: v | K24: v | L24: v | M24: v | N24: v | O24: v | P24: v | Q24: v | R24: v | S24: v | T24: v | U24: v | V24: v | W24: v | X24: v | Y24: v | Z24: v | AA24: v | AB24: v | AC24: v | AD24: v | AE24: v | AF24: v | AG24: v | AH24: v | AI24: v | AJ24: v | AK24: v | AL24: v | AM24: v | AN24: v | AO24: v | AP24: v | AQ24: v | AR24: v | AS24: v | AT24: v | AU24: v | AV24: v
E25: 3 | F25: Pokok soal tidak memberi petunjuk ke arah jawaban benar. | G25: ● | H25: pokok soal tidak memuat kata atau kalimat yang menunjuk ke arah jawaban benar | I25: v | J25: v | K25: v | L25: v | M25: v | N25: v | O25: v | P25: v | Q25: v | R25: v | S25: v | T25: v | U25: v | V25: v | W25: v | X25: v | Y25: v | Z25: v | AA25: v | AB25: v | AC25: v | AD25: v | AE25: v | AF25: v | AG25: v | AH25: v | AI25: v | AJ25: v | AK25: v | AL25: v | AM25: v | AN25: v | AO25: v | AP25: v | AQ25: v | AR25: v | AS25: v | AT25: v | AU25: v | AV25: v | BB25: =IF(AND(I25="",I26=""),"",COUNTIF(I25:I26,"v")) -> 2 | BC25: =IF(AND(J25="",J26=""),"",COUNTIF(J25:J26,"v")) -> 2 | BD25: =IF(AND(K25="",K26=""),"",COUNTIF(K25:K26,"v")) -> 2 | BE25: =IF(AND(L25="",L26=""),"",COUNTIF(L25:L26,"v")) -> 2 | BF25: =IF(AND(M25="",M26=""),"",COUNTIF(M25:M26,"v")) -> 2 | BG25: =IF(AND(N25="",N26=""),"",COUNTIF(N25:N26,"v")) -> 2 | BH25: =IF(AND(O25="",O26=""),"",COUNTIF(O25:O26,"v")) -> 2 | BI25: =IF(AND(P25="",P26=""),"",COUNTIF(P25:P26,"v")) -> 2 | ... CT25: =IF(AND(BA25="",BA26=""),"",COUNTIF(BA25:BA26,"v")) | CU25: =IF(BB25="","",IF(BB25=0,"Ditolak",IF(BB25=1,"Diperbaiki","Digunakan"))) -> Digunakan | CV25: =IF(BC25="","",IF(BC25=0,"Ditolak",IF(AND(BC25>=1,BC25<2),"Diperbaiki","Digunakan"))) -> Digunakan | CW25: =IF(BD25="","",IF(BD25=0,"Ditolak",IF(AND(BD25>=1,BD25<2),"Diperbaiki","Digunakan"))) -> Digunakan | CX25: =IF(BE25="","",IF(BE25=0,"Ditolak",IF(AND(BE25>=1,BE25<2),"Diperbaiki","Digunakan"))) -> Digunakan | CY25: =IF(BF25="","",IF(BF25=0,"Ditolak",IF(AND(BF25>=1,BF25<2),"Diperbaiki","Digunakan"))) -> Digunakan | CZ25: =IF(BG25="","",IF(BG25=0,"Ditolak",IF(AND(BG25>=1,BG25<2),"Diperbaiki","Digunakan"))) -> Digunakan | DA25: =IF(BH25="","",IF(BH25=0,"Ditolak",IF(AND(BH25>=1,BH25<2),"Diperbaiki","Digunakan"))) -> Digunakan | DB25: =IF(BI25="","",IF(BI25=0,"Ditolak",IF(AND(BI25>=1,BI25<2),"Diperbaiki","Digunakan"))) -> Digunakan | DC25: =IF(BJ25="","",IF(BJ25=0,"Ditolak",IF(AND(BJ25>=1,BJ25<2),"Diperbaiki","Digunakan"))) -> Digunakan | ... EM25: =IF(CT25="","",IF(CT25=0,"Ditolak",IF(AND(CT25>=1,CT25<2),"Diperbaiki","Digunakan")))
G26: ● | H26: Pokok soal memiliki jawaban benar | I26: v | J26: v | K26: v | L26: v | M26: v | N26: v | O26: v | P26: v | Q26: v | R26: v | S26: v | T26: v | U26: v | V26: v | W26: v | X26: v | Y26: v | Z26: v | AA26: v | AB26: v | AC26: v | AD26: v | AE26: v | AF26: v | AG26: v | AH26: v | AI26: v | AJ26: v | AK26: v | AL26: v | AM26: v | AN26: v | AO26: v | AP26: v | AQ26: v | AR26: v | AS26: v | AT26: v | AU26: v | AV26: v
E27: 4 | F27: Pokok soal tidak mengandung pernyataan yang bersifat negatif ganda. | G27: ● | H27: pokok soal yang memuat kata "tidak" atau "bukan" diberi tanda khusus | I27: v | J27: v | K27: v | L27: v | M27: v | N27: v | O27: v | P27: v | Q27: v | R27: v | S27: v | T27: v | U27: v | V27: v | W27: v | X27: v | Y27: v | Z27: v | AA27: v | AB27: v | AC27: v | AD27: v | AE27: v | AF27: v | AG27: v | AH27: v | AI27: v | AJ27: v | AK27: v | AL27: v | AM27: v | AN27: v | AO27: v | AP27: v | AQ27: v | AR27: v | AS27: v | AT27: v | AU27: v | AV27: v | BB27: =IF(AND(I27="",I28=""),"",COUNTIF(I27:I28,"v")) -> 2 | BC27: =IF(AND(J27="",J28=""),"",COUNTIF(J27:J28,"v")) -> 2 | BD27: =IF(AND(K27="",K28=""),"",COUNTIF(K27:K28,"v")) -> 2 | BE27: =IF(AND(L27="",L28=""),"",COUNTIF(L27:L28,"v")) -> 2 | BF27: =IF(AND(M27="",M28=""),"",COUNTIF(M27:M28,"v")) -> 2 | BG27: =IF(AND(N27="",N28=""),"",COUNTIF(N27:N28,"v")) -> 2 | BH27: =IF(AND(O27="",O28=""),"",COUNTIF(O27:O28,"v")) -> 2 | BI27: =IF(AND(P27="",P28=""),"",COUNTIF(P27:P28,"v")) -> 2 | ... CT27: =IF(AND(BA27="",BA28=""),"",COUNTIF(BA27:BA28,"v")) | CU27: =IF(BB27="","",IF(BB27=0,"Ditolak",IF(BB27=1,"Diperbaiki","Digunakan"))) -> Digunakan | CV27: =IF(BC27="","",IF(BC27=0,"Ditolak",IF(AND(BC27>=1,BC27<2),"Diperbaiki","Digunakan"))) -> Digunakan | CW27: =IF(BD27="","",IF(BD27=0,"Ditolak",IF(AND(BD27>=1,BD27<2),"Diperbaiki","Digunakan"))) -> Digunakan | CX27: =IF(BE27="","",IF(BE27=0,"Ditolak",IF(AND(BE27>=1,BE27<2),"Diperbaiki","Digunakan"))) -> Digunakan | CY27: =IF(BF27="","",IF(BF27=0,"Ditolak",IF(AND(BF27>=1,BF27<2),"Diperbaiki","Digunakan"))) -> Digunakan | CZ27: =IF(BG27="","",IF(BG27=0,"Ditolak",IF(AND(BG27>=1,BG27<2),"Diperbaiki","Digunakan"))) -> Digunakan | DA27: =IF(BH27="","",IF(BH27=0,"Ditolak",IF(AND(BH27>=1,BH27<2),"Diperbaiki","Digunakan"))) -> Digunakan | DB27: =IF(BI27="","",IF(BI27=0,"Ditolak",IF(AND(BI27>=1,BI27<2),"Diperbaiki","Digunakan"))) -> Digunakan | DC27: =IF(BJ27="","",IF(BJ27=0,"Ditolak",IF(AND(BJ27>=1,BJ27<2),"Diperbaiki","Digunakan"))) -> Digunakan | ... EM27: =IF(CT27="","",IF(CT27=0,"Ditolak",IF(AND(CT27>=1,CT27<2),"Diperbaiki","Digunakan")))
G28: ● | H28: pokok soal tidak memuat kata "tidak" dan "kecuali" | I28: v | J28: v | K28: v | L28: v | M28: v | N28: v | O28: v | P28: v | Q28: v | R28: v | S28: v | T28: v | U28: v | V28: v | W28: v | X28: v | Y28: v | Z28: v | AA28: v | AB28: v | AC28: v | AD28: v | AE28: v | AF28: v | AG28: v | AH28: v | AI28: v | AJ28: v | AK28: v | AL28: v | AM28: v | AN28: v | AO28: v | AP28: v | AQ28: v | AR28: v | AS28: v | AT28: v | AU28: v | AV28: v
E29: 5 | F29: Panjang rumusan pilihan jawaban harus relatif sama. | G29: ● | H29: pilihan jawaban merupakan kata yang diperlukan saja | I29: v | J29: v | K29: v | L29: v | M29: v | N29: v | O29: v | P29: v | Q29: v | R29: v | S29: v | T29: v | U29: v | V29: v | W29: v | X29: v | Y29: v | Z29: v | AA29: v | AB29: v | AC29: v | AD29: v | AE29: v | AF29: v | AG29: v | AH29: v | AI29: v | AJ29: v | AK29: v | AL29: v | AM29: v | AN29: v | AO29: v | AP29: v | AQ29: v | AR29: v | AS29: v | AT29: v | AU29: v | AV29: v | BB29: =IF(AND(I29="",I30=""),"",COUNTIF(I29:I30,"v")) -> 2 | BC29: =IF(AND(J29="",J30=""),"",COUNTIF(J29:J30,"v")) -> 2 | BD29: =IF(AND(K29="",K30=""),"",COUNTIF(K29:K30,"v")) -> 2 | BE29: =IF(AND(L29="",L30=""),"",COUNTIF(L29:L30,"v")) -> 2 | BF29: =IF(AND(M29="",M30=""),"",COUNTIF(M29:M30,"v")) -> 2 | BG29: =IF(AND(N29="",N30=""),"",COUNTIF(N29:N30,"v")) -> 2 | BH29: =IF(AND(O29="",O30=""),"",COUNTIF(O29:O30,"v")) -> 2 | BI29: =IF(AND(P29="",P30=""),"",COUNTIF(P29:P30,"v")) -> 2 | ... CT29: =IF(AND(BA29="",BA30=""),"",COUNTIF(BA29:BA30,"v")) | CU29: =IF(BB29="","",IF(BB29=0,"Ditolak",IF(BB29=1,"Diperbaiki","Digunakan"))) -> Digunakan | CV29: =IF(BC29="","",IF(BC29=0,"Ditolak",IF(AND(BC29>=1,BC29<2),"Diperbaiki","Digunakan"))) -> Digunakan | CW29: =IF(BD29="","",IF(BD29=0,"Ditolak",IF(AND(BD29>=1,BD29<2),"Diperbaiki","Digunakan"))) -> Digunakan | CX29: =IF(BE29="","",IF(BE29=0,"Ditolak",IF(AND(BE29>=1,BE29<2),"Diperbaiki","Digunakan"))) -> Digunakan | CY29: =IF(BF29="","",IF(BF29=0,"Ditolak",IF(AND(BF29>=1,BF29<2),"Diperbaiki","Digunakan"))) -> Digunakan | CZ29: =IF(BG29="","",IF(BG29=0,"Ditolak",IF(AND(BG29>=1,BG29<2),"Diperbaiki","Digunakan"))) -> Digunakan | DA29: =IF(BH29="","",IF(BH29=0,"Ditolak",IF(AND(BH29>=1,BH29<2),"Diperbaiki","Digunakan"))) -> Digunakan | DB29: =IF(BI29="","",IF(BI29=0,"Ditolak",IF(AND(BI29>=1,BI29<2),"Diperbaiki","Digunakan"))) -> Digunakan | DC29: =IF(BJ29="","",IF(BJ29=0,"Ditolak",IF(AND(BJ29>=1,BJ29<2),"Diperbaiki","Digunakan"))) -> Digunakan | ... EM29: =IF(CT29="","",IF(CT29=0,"Ditolak",IF(AND(CT29>=1,CT29<2),"Diperbaiki","Digunakan")))
G30: ● | H30: rumusan pilihan tidak terkesan memberi informasi yang lengkap | I30: v | J30: v | K30: v | L30: v | M30: v | N30: v | O30: v | P30: v | Q30: v | R30: v | S30: v | T30: v | U30: v | V30: v | W30: v | X30: v | Y30: v | Z30: v | AA30: v | AB30: v | AC30: v | AD30: v | AE30: v | AF30: v | AG30: v | AH30: v | AI30: v | AJ30: v | AK30: v | AL30: v | AM30: v | AN30: v | AO30: v | AP30: v | AQ30: v | AR30: v | AS30: v | AT30: v | AU30: v | AV30: v
E31: 6 | F31: Pilihan jawaban jangan mengandung pernyataan, “Semua pilihan jawaban di atas salah” atau “Semua pilihan jawabandi atas benar”. | G31: ● | H31: Pilihan jawaban tidak memuat pernyataan “Semua pilihan jawaban di atas salah” atau “Semua pilihan jawaban di atas benar”. | I31: v | J31: v | K31: v | L31: v | M31: v | N31: v | O31: v | P31: v | Q31: v | R31: v | S31: v | T31: v | U31: v | V31: v | W31: v | X31: v | Y31: v | Z31: v | AA31: v | AB31: v | AC31: v | AD31: v | AE31: v | AF31: v | AG31: v | AH31: v | AI31: v | AJ31: v | AK31: v | AL31: v | AM31: v | AN31: v | AO31: v | AP31: v | AQ31: v | AR31: v | AS31: v | AT31: v | AU31: v | AV31: v | BB31: =IF(AND(I31="",I32=""),"",COUNTIF(I31:I32,"v")) -> 2 | BC31: =IF(AND(J31="",J32=""),"",COUNTIF(J31:J32,"v")) -> 2 | BD31: =IF(AND(K31="",K32=""),"",COUNTIF(K31:K32,"v")) -> 2 | BE31: =IF(AND(L31="",L32=""),"",COUNTIF(L31:L32,"v")) -> 2 | BF31: =IF(AND(M31="",M32=""),"",COUNTIF(M31:M32,"v")) -> 2 | BG31: =IF(AND(N31="",N32=""),"",COUNTIF(N31:N32,"v")) -> 2 | BH31: =IF(AND(O31="",O32=""),"",COUNTIF(O31:O32,"v")) -> 2 | BI31: =IF(AND(P31="",P32=""),"",COUNTIF(P31:P32,"v")) -> 2 | ... CT31: =IF(AND(BA31="",BA32=""),"",COUNTIF(BA31:BA32,"v")) | CU31: =IF(BB31="","",IF(BB31=0,"Ditolak",IF(BB31=1,"Diperbaiki","Digunakan"))) -> Digunakan | CV31: =IF(BC31="","",IF(BC31=0,"Ditolak",IF(AND(BC31>=1,BC31<2),"Diperbaiki","Digunakan"))) -> Digunakan | CW31: =IF(BD31="","",IF(BD31=0,"Ditolak",IF(AND(BD31>=1,BD31<2),"Diperbaiki","Digunakan"))) -> Digunakan | CX31: =IF(BE31="","",IF(BE31=0,"Ditolak",IF(AND(BE31>=1,BE31<2),"Diperbaiki","Digunakan"))) -> Digunakan | CY31: =IF(BF31="","",IF(BF31=0,"Ditolak",IF(AND(BF31>=1,BF31<2),"Diperbaiki","Digunakan"))) -> Digunakan | CZ31: =IF(BG31="","",IF(BG31=0,"Ditolak",IF(AND(BG31>=1,BG31<2),"Diperbaiki","Digunakan"))) -> Digunakan | DA31: =IF(BH31="","",IF(BH31=0,"Ditolak",IF(AND(BH31>=1,BH31<2),"Diperbaiki","Digunakan"))) -> Digunakan | DB31: =IF(BI31="","",IF(BI31=0,"Ditolak",IF(AND(BI31>=1,BI31<2),"Diperbaiki","Digunakan"))) -> Digunakan | DC31: =IF(BJ31="","",IF(BJ31=0,"Ditolak",IF(AND(BJ31>=1,BJ31<2),"Diperbaiki","Digunakan"))) -> Digunakan | ... EM31: =IF(CT31="","",IF(CT31=0,"Ditolak",IF(AND(CT31>=1,CT31<2),"Diperbaiki","Digunakan")))
G32: ● | H32: Pilihan jawaban dirumuskan agar peserta didik mengetahui akan jawaban dan tidak terkesan kurang atau lebih | I32: v | J32: v | K32: v | L32: v | M32: v | N32: v | O32: v | P32: v | Q32: v | R32: v | S32: v | T32: v | U32: v | V32: v | W32: v | X32: v | Y32: v | Z32: v | AA32: v | AB32: v | AC32: v | AD32: v | AE32: v | AF32: v | AG32: v | AH32: v | AI32: v | AJ32: v | AK32: v | AL32: v | AM32: v | AN32: v | AO32: v | AP32: v | AQ32: v | AR32: v | AS32: v | AT32: v | AU32: v | AV32: v
E33: 7 | F33: Pilihan jawaban yang berbentuk angka atau waktu harus disusun berdasarkan urutan besar kecilnya nilai angka tersebut atau kronologisnya. | G33: ● | H33: Pilihan jawaban diurutkan dari besar ke kecil atau kecil ke besar | I33: v | J33: v | K33: v | L33: v | M33: v | N33: v | O33: v | P33: v | Q33: v | R33: v | S33: v | T33: v | U33: v | V33: v | W33: v | X33: v | Y33: v | Z33: v | AA33: v | AB33: v | AC33: v | AD33: v | AE33: v | AF33: v | AG33: v | AH33: v | AI33: v | AJ33: v | AK33: v | AL33: v | AM33: v | AN33: v | AO33: v | AP33: v | AQ33: v | AR33: v | AS33: v | AT33: v | AU33: v | AV33: v | BB33: =IF(AND(I33="",I34=""),"",COUNTIF(I33:I34,"v")) -> 2 | BC33: =IF(AND(J33="",J34=""),"",COUNTIF(J33:J34,"v")) -> 2 | BD33: =IF(AND(K33="",K34=""),"",COUNTIF(K33:K34,"v")) -> 2 | BE33: =IF(AND(L33="",L34=""),"",COUNTIF(L33:L34,"v")) -> 2 | BF33: =IF(AND(M33="",M34=""),"",COUNTIF(M33:M34,"v")) -> 2 | BG33: =IF(AND(N33="",N34=""),"",COUNTIF(N33:N34,"v")) -> 2 | BH33: =IF(AND(O33="",O34=""),"",COUNTIF(O33:O34,"v")) -> 2 | BI33: =IF(AND(P33="",P34=""),"",COUNTIF(P33:P34,"v")) -> 2 | ... CT33: =IF(AND(BA33="",BA34=""),"",COUNTIF(BA33:BA34,"v")) | CU33: =IF(BB33="","",IF(BB33=0,"Ditolak",IF(BB33=1,"Diperbaiki","Digunakan"))) -> Digunakan | CV33: =IF(BC33="","",IF(BC33=0,"Ditolak",IF(AND(BC33>=1,BC33<2),"Diperbaiki","Digunakan"))) -> Digunakan | CW33: =IF(BD33="","",IF(BD33=0,"Ditolak",IF(AND(BD33>=1,BD33<2),"Diperbaiki","Digunakan"))) -> Digunakan | CX33: =IF(BE33="","",IF(BE33=0,"Ditolak",IF(AND(BE33>=1,BE33<2),"Diperbaiki","Digunakan"))) -> Digunakan | CY33: =IF(BF33="","",IF(BF33=0,"Ditolak",IF(AND(BF33>=1,BF33<2),"Diperbaiki","Digunakan"))) -> Digunakan | CZ33: =IF(BG33="","",IF(BG33=0,"Ditolak",IF(AND(BG33>=1,BG33<2),"Diperbaiki","Digunakan"))) -> Digunakan | DA33: =IF(BH33="","",IF(BH33=0,"Ditolak",IF(AND(BH33>=1,BH33<2),"Diperbaiki","Digunakan"))) -> Digunakan | DB33: =IF(BI33="","",IF(BI33=0,"Ditolak",IF(AND(BI33>=1,BI33<2),"Diperbaiki","Digunakan"))) -> Digunakan | DC33: =IF(BJ33="","",IF(BJ33=0,"Ditolak",IF(AND(BJ33>=1,BJ33<2),"Diperbaiki","Digunakan"))) -> Digunakan | ... EM33: =IF(CT33="","",IF(CT33=0,"Ditolak",IF(AND(CT33>=1,CT33<2),"Diperbaiki","Digunakan")))
G34: ● | H34: Pilihan jawaban mempermudah peserta didik memilih pilihan jawaban | I34: v | J34: v | K34: v | L34: v | M34: v | N34: v | O34: v | P34: v | Q34: v | R34: v | S34: v | T34: v | U34: v | V34: v | W34: v | X34: v | Y34: v | Z34: v | AA34: v | AB34: v | AC34: v | AD34: v | AE34: v | AF34: v | AG34: v | AH34: v | AI34: v | AJ34: v | AK34: v | AL34: v | AM34: v | AN34: v | AO34: v | AP34: v | AQ34: v | AR34: v | AS34: v | AT34: v | AU34: v | AV34: v
E35: 8 | F35: Gambar, grafik, tabel, diagram, dan sejenisnya yang terdapat pada soal harus jelas dan berfungsi. | G35: ● | H35: Ukuran pada gambar tidak boleh ada yang kurang sehingga peserta didik tidak bisa menjawab | I35: v | J35: v | K35: v | L35: v | M35: v | N35: v | O35: v | P35: v | Q35: v | R35: v | S35: v | T35: v | U35: v | V35: v | W35: v | X35: v | Y35: v | Z35: v | AA35: v | AB35: v | AC35: v | AD35: v | AE35: v | AF35: v | AG35: v | AH35: v | AI35: v | AJ35: v | AK35: v | AL35: v | AM35: v | AN35: v | AO35: v | AP35: v | AQ35: v | AR35: v | AS35: v | AT35: v | AU35: v | AV35: v | BB35: =IF(AND(I35="",I36=""),"",COUNTIF(I35:I36,"v")) -> 2 | BC35: =IF(AND(J35="",J36=""),"",COUNTIF(J35:J36,"v")) -> 2 | BD35: =IF(AND(K35="",K36=""),"",COUNTIF(K35:K36,"v")) -> 2 | BE35: =IF(AND(L35="",L36=""),"",COUNTIF(L35:L36,"v")) -> 2 | BF35: =IF(AND(M35="",M36=""),"",COUNTIF(M35:M36,"v")) -> 2 | BG35: =IF(AND(N35="",N36=""),"",COUNTIF(N35:N36,"v")) -> 2 | BH35: =IF(AND(O35="",O36=""),"",COUNTIF(O35:O36,"v")) -> 2 | BI35: =IF(AND(P35="",P36=""),"",COUNTIF(P35:P36,"v")) -> 2 | ... CT35: =IF(AND(BA35="",BA36=""),"",COUNTIF(BA35:BA36,"v")) | CU35: =IF(BB35="","",IF(BB35=0,"Ditolak",IF(BB35=1,"Diperbaiki","Digunakan"))) -> Digunakan | CV35: =IF(BC35="","",IF(BC35=0,"Ditolak",IF(AND(BC35>=1,BC35<2),"Diperbaiki","Digunakan"))) -> Digunakan | CW35: =IF(BD35="","",IF(BD35=0,"Ditolak",IF(AND(BD35>=1,BD35<2),"Diperbaiki","Digunakan"))) -> Digunakan | CX35: =IF(BE35="","",IF(BE35=0,"Ditolak",IF(AND(BE35>=1,BE35<2),"Diperbaiki","Digunakan"))) -> Digunakan | CY35: =IF(BF35="","",IF(BF35=0,"Ditolak",IF(AND(BF35>=1,BF35<2),"Diperbaiki","Digunakan"))) -> Digunakan | CZ35: =IF(BG35="","",IF(BG35=0,"Ditolak",IF(AND(BG35>=1,BG35<2),"Diperbaiki","Digunakan"))) -> Digunakan | DA35: =IF(BH35="","",IF(BH35=0,"Ditolak",IF(AND(BH35>=1,BH35<2),"Diperbaiki","Digunakan"))) -> Digunakan | DB35: =IF(BI35="","",IF(BI35=0,"Ditolak",IF(AND(BI35>=1,BI35<2),"Diperbaiki","Digunakan"))) -> Digunakan | DC35: =IF(BJ35="","",IF(BJ35=0,"Ditolak",IF(AND(BJ35>=1,BJ35<2),"Diperbaiki","Digunakan"))) -> Digunakan | ... EM35: =IF(CT35="","",IF(CT35=0,"Ditolak",IF(AND(CT35>=1,CT35<2),"Diperbaiki","Digunakan")))
G36: ● | H36: Antara gambar dan pilihan jawaban terhubung dengan kalimat yang sesuai | I36: v | J36: v | K36: v | L36: v | M36: v | N36: v | O36: v | P36: v | Q36: v | R36: v | S36: v | T36: v | U36: v | V36: v | W36: v | X36: v | Y36: v | Z36: v | AA36: v | AB36: v | AC36: v | AD36: v | AE36: v | AF36: v | AG36: v | AH36: v | AI36: v | AJ36: v | AK36: v | AL36: v | AM36: v | AN36: v | AO36: v | AP36: v | AQ36: v | AR36: v | AS36: v | AT36: v | AU36: v | AV36: v
E37: 9 | F37: Butir soal tidak bergantung pada jawaban soal sebelumnya. | G37: ● | H37: Soal tidak bergantung pada pilihan jawaban soal sebelumnya | I37: v | J37: v | K37: v | L37: v | M37: v | N37: v | O37: v | P37: v | Q37: v | R37: v | S37: v | T37: v | U37: v | V37: v | W37: v | X37: v | Y37: v | Z37: v | AA37: v | AB37: v | AC37: v | AD37: v | AE37: v | AF37: v | AG37: v | AH37: v | AI37: v | AJ37: v | AK37: v | AL37: v | AM37: v | AN37: v | AO37: v | AP37: v | AQ37: v | AR37: v | AS37: v | AT37: v | AU37: v | AV37: v | BB37: =IF(AND(I37="",I38=""),"",COUNTIF(I37:I38,"v")) -> 2 | BC37: =IF(AND(J37="",J38=""),"",COUNTIF(J37:J38,"v")) -> 2 | BD37: =IF(AND(K37="",K38=""),"",COUNTIF(K37:K38,"v")) -> 2 | BE37: =IF(AND(L37="",L38=""),"",COUNTIF(L37:L38,"v")) -> 2 | BF37: =IF(AND(M37="",M38=""),"",COUNTIF(M37:M38,"v")) -> 2 | BG37: =IF(AND(N37="",N38=""),"",COUNTIF(N37:N38,"v")) -> 2 | BH37: =IF(AND(O37="",O38=""),"",COUNTIF(O37:O38,"v")) -> 2 | BI37: =IF(AND(P37="",P38=""),"",COUNTIF(P37:P38,"v")) -> 2 | ... CT37: =IF(AND(BA37="",BA38=""),"",COUNTIF(BA37:BA38,"v")) | CU37: =IF(BB37="","",IF(BB37=0,"Ditolak",IF(BB37=1,"Diperbaiki","Digunakan"))) -> Digunakan | CV37: =IF(BC37="","",IF(BC37=0,"Ditolak",IF(AND(BC37>=1,BC37<2),"Diperbaiki","Digunakan"))) -> Digunakan | CW37: =IF(BD37="","",IF(BD37=0,"Ditolak",IF(AND(BD37>=1,BD37<2),"Diperbaiki","Digunakan"))) -> Digunakan | CX37: =IF(BE37="","",IF(BE37=0,"Ditolak",IF(AND(BE37>=1,BE37<2),"Diperbaiki","Digunakan"))) -> Digunakan | CY37: =IF(BF37="","",IF(BF37=0,"Ditolak",IF(AND(BF37>=1,BF37<2),"Diperbaiki","Digunakan"))) -> Digunakan | CZ37: =IF(BG37="","",IF(BG37=0,"Ditolak",IF(AND(BG37>=1,BG37<2),"Diperbaiki","Digunakan"))) -> Digunakan | DA37: =IF(BH37="","",IF(BH37=0,"Ditolak",IF(AND(BH37>=1,BH37<2),"Diperbaiki","Digunakan"))) -> Digunakan | DB37: =IF(BI37="","",IF(BI37=0,"Ditolak",IF(AND(BI37>=1,BI37<2),"Diperbaiki","Digunakan"))) -> Digunakan | DC37: =IF(BJ37="","",IF(BJ37=0,"Ditolak",IF(AND(BJ37>=1,BJ37<2),"Diperbaiki","Digunakan"))) -> Digunakan | ... EM37: =IF(CT37="","",IF(CT37=0,"Ditolak",IF(AND(CT37>=1,CT37<2),"Diperbaiki","Digunakan")))
G38: ● | H38: Jawaban yang benar tidak terkait dengan pokok soal lainnya | I38: v | J38: v | K38: v | L38: v | M38: v | N38: v | O38: v | P38: v | Q38: v | R38: v | S38: v | T38: v | U38: v | V38: v | W38: v | X38: v | Y38: v | Z38: v | AA38: v | AB38: v | AC38: v | AD38: v | AE38: v | AF38: v | AG38: v | AH38: v | AI38: v | AJ38: v | AK38: v | AL38: v | AM38: v | AN38: v | AO38: v | AP38: v | AQ38: v | AR38: v | AS38: v | AT38: v | AU38: v | AV38: v
C39: C. | D39: BAHASA | E39: 1 | F39: Setiap soal harus menggunakan bahasa yang sesuai dengan kaidah bahasa Indonesia. | G39: ● | H39: menggunakan ejaan, kata dan kalimat yang baku | I39: v | J39: v | K39: v | L39: v | M39: v | N39: v | O39: v | P39: v | Q39: v | R39: v | S39: v | T39: v | U39: v | V39: v | W39: v | X39: v | Y39: v | Z39: v | AA39: v | AB39: v | AC39: v | AD39: v | AE39: v | AF39: v | AG39: v | AH39: v | AI39: v | AJ39: v | AK39: v | AL39: v | AM39: v | AN39: v | AO39: v | AP39: v | AQ39: v | AR39: v | AS39: v | AT39: v | AU39: v | AV39: v | BB39: =IF(AND(I39="",I40=""),"",COUNTIF(I39:I40,"v")) -> 2 | BC39: =IF(AND(J39="",J40=""),"",COUNTIF(J39:J40,"v")) -> 2 | BD39: =IF(AND(K39="",K40=""),"",COUNTIF(K39:K40,"v")) -> 2 | BE39: =IF(AND(L39="",L40=""),"",COUNTIF(L39:L40,"v")) -> 2 | BF39: =IF(AND(M39="",M40=""),"",COUNTIF(M39:M40,"v")) -> 2 | BG39: =IF(AND(N39="",N40=""),"",COUNTIF(N39:N40,"v")) -> 2 | BH39: =IF(AND(O39="",O40=""),"",COUNTIF(O39:O40,"v")) -> 2 | BI39: =IF(AND(P39="",P40=""),"",COUNTIF(P39:P40,"v")) -> 2 | ... CT39: =IF(AND(BA39="",BA40=""),"",COUNTIF(BA39:BA40,"v")) | CU39: =IF(BB39="","",IF(BB39=0,"Ditolak",IF(BB39=1,"Diperbaiki","Digunakan"))) -> Digunakan | CV39: =IF(BC39="","",IF(BC39=0,"Ditolak",IF(AND(BC39>=1,BC39<2),"Diperbaiki","Digunakan"))) -> Digunakan | CW39: =IF(BD39="","",IF(BD39=0,"Ditolak",IF(AND(BD39>=1,BD39<2),"Diperbaiki","Digunakan"))) -> Digunakan | CX39: =IF(BE39="","",IF(BE39=0,"Ditolak",IF(AND(BE39>=1,BE39<2),"Diperbaiki","Digunakan"))) -> Digunakan | CY39: =IF(BF39="","",IF(BF39=0,"Ditolak",IF(AND(BF39>=1,BF39<2),"Diperbaiki","Digunakan"))) -> Digunakan | CZ39: =IF(BG39="","",IF(BG39=0,"Ditolak",IF(AND(BG39>=1,BG39<2),"Diperbaiki","Digunakan"))) -> Digunakan | DA39: =IF(BH39="","",IF(BH39=0,"Ditolak",IF(AND(BH39>=1,BH39<2),"Diperbaiki","Digunakan"))) -> Digunakan | DB39: =IF(BI39="","",IF(BI39=0,"Ditolak",IF(AND(BI39>=1,BI39<2),"Diperbaiki","Digunakan"))) -> Digunakan | DC39: =IF(BJ39="","",IF(BJ39=0,"Ditolak",IF(AND(BJ39>=1,BJ39<2),"Diperbaiki","Digunakan"))) -> Digunakan | ... EM39: =IF(CT39="","",IF(CT39=0,"Ditolak",IF(AND(CT39>=1,CT39<2),"Diperbaiki","Digunakan"))) | EN39: =IF(COUNTIF(CU39:CU46,"Diperbaiki")>=1,"bahasa","") | EO39: =IF(COUNTIF(CV39:CV46,"Diperbaiki")>=1,"bahasa","") | EP39: =IF(COUNTIF(CW39:CW46,"Diperbaiki")>=1,"bahasa","") | EQ39: =IF(COUNTIF(CX39:CX46,"Diperbaiki")>=1,"bahasa","") | ER39: =IF(COUNTIF(CY39:CY46,"Diperbaiki")>=1,"bahasa","") | ES39: =IF(COUNTIF(CZ39:CZ46,"Diperbaiki")>=1,"bahasa","") | ET39: =IF(COUNTIF(DA39:DA46,"Diperbaiki")>=1,"bahasa","") | EU39: =IF(COUNTIF(DB39:DB46,"Diperbaiki")>=1,"bahasa","") | ... GF39: =IF(COUNTIF(EM39:EM46,"Diperbaiki")>=1,"bahasa","") | GG39: =IF(EN39="","",",") | GH39: =IF(EO39="","",",") | GI39: =IF(EP39="","",",") | GJ39: =IF(EQ39="","",",") | GK39: =IF(ER39="","",",") | GL39: =IF(ES39="","",",") | GM39: =IF(ET39="","",",") | GN39: =IF(EU39="","",",") | ... HY39: =IF(GF39="","",",")
G40: ● | H40: menggunakan aturan penulisan kalimat yang benar | I40: v | J40: v | K40: v | L40: v | M40: v | N40: v | O40: v | P40: v | Q40: v | R40: v | S40: v | T40: v | U40: v | V40: v | W40: v | X40: v | Y40: v | Z40: v | AA40: v | AB40: v | AC40: v | AD40: v | AE40: v | AF40: v | AG40: v | AH40: v | AI40: v | AJ40: v | AK40: v | AL40: v | AM40: v | AN40: v | AO40: v | AP40: v | AQ40: v | AR40: v | AS40: v | AT40: v | AU40: v | AV40: v
E41: 2 | F41: Jangan menggunakan bahasa yang berlaku setempat jika soal akan digunakan untuk daerah lain atau nasional. | G41: ● | H41: Tidak memuat kata atau kalimat dengan bahasa daerah tertentu | I41: v | J41: v | K41: v | L41: v | M41: v | N41: v | O41: v | P41: v | Q41: v | R41: v | S41: v | T41: v | U41: v | V41: v | W41: v | X41: v | Y41: v | Z41: v | AA41: v | AB41: v | AC41: v | AD41: v | AE41: v | AF41: v | AG41: v | AH41: v | AI41: v | AJ41: v | AK41: v | AL41: v | AM41: v | AN41: v | AO41: v | AP41: v | AQ41: v | AR41: v | AS41: v | AT41: v | AU41: v | AV41: v | BB41: =IF(AND(I41="",I42=""),"",COUNTIF(I41:I42,"v")) -> 2 | BC41: =IF(AND(J41="",J42=""),"",COUNTIF(J41:J42,"v")) -> 2 | BD41: =IF(AND(K41="",K42=""),"",COUNTIF(K41:K42,"v")) -> 2 | BE41: =IF(AND(L41="",L42=""),"",COUNTIF(L41:L42,"v")) -> 2 | BF41: =IF(AND(M41="",M42=""),"",COUNTIF(M41:M42,"v")) -> 2 | BG41: =IF(AND(N41="",N42=""),"",COUNTIF(N41:N42,"v")) -> 2 | BH41: =IF(AND(O41="",O42=""),"",COUNTIF(O41:O42,"v")) -> 2 | BI41: =IF(AND(P41="",P42=""),"",COUNTIF(P41:P42,"v")) -> 2 | ... CT41: =IF(AND(BA41="",BA42=""),"",COUNTIF(BA41:BA42,"v")) | CU41: =IF(BB41="","",IF(BB41=0,"Ditolak",IF(BB41=1,"Diperbaiki","Digunakan"))) -> Digunakan | CV41: =IF(BC41="","",IF(BC41=0,"Ditolak",IF(AND(BC41>=1,BC41<2),"Diperbaiki","Digunakan"))) -> Digunakan | CW41: =IF(BD41="","",IF(BD41=0,"Ditolak",IF(AND(BD41>=1,BD41<2),"Diperbaiki","Digunakan"))) -> Digunakan | CX41: =IF(BE41="","",IF(BE41=0,"Ditolak",IF(AND(BE41>=1,BE41<2),"Diperbaiki","Digunakan"))) -> Digunakan | CY41: =IF(BF41="","",IF(BF41=0,"Ditolak",IF(AND(BF41>=1,BF41<2),"Diperbaiki","Digunakan"))) -> Digunakan | CZ41: =IF(BG41="","",IF(BG41=0,"Ditolak",IF(AND(BG41>=1,BG41<2),"Diperbaiki","Digunakan"))) -> Digunakan | DA41: =IF(BH41="","",IF(BH41=0,"Ditolak",IF(AND(BH41>=1,BH41<2),"Diperbaiki","Digunakan"))) -> Digunakan | DB41: =IF(BI41="","",IF(BI41=0,"Ditolak",IF(AND(BI41>=1,BI41<2),"Diperbaiki","Digunakan"))) -> Digunakan | DC41: =IF(BJ41="","",IF(BJ41=0,"Ditolak",IF(AND(BJ41>=1,BJ41<2),"Diperbaiki","Digunakan"))) -> Digunakan | ... EM41: =IF(CT41="","",IF(CT41=0,"Ditolak",IF(AND(CT41>=1,CT41<2),"Diperbaiki","Digunakan")))
G42: ● | H42: Soal tidak merugikan peserta didik karena tidak tahu bahasa daerah tertentu | I42: v | J42: v | K42: v | L42: v | M42: v | N42: v | O42: v | P42: v | Q42: v | R42: v | S42: v | T42: v | U42: v | V42: v | W42: v | X42: v | Y42: v | Z42: v | AA42: v | AB42: v | AC42: v | AD42: v | AE42: v | AF42: v | AG42: v | AH42: v | AI42: v | AJ42: v | AK42: v | AL42: v | AM42: v | AN42: v | AO42: v | AP42: v | AQ42: v | AR42: v | AS42: v | AT42: v | AU42: v | AV42: v
E43: 3 | F43: Setiap soal harus menggunakan bahasa yang komunikatif. | G43: ● | H43: Tidak memuat kata atau kalimat yang merupakan bahasa tulisan | I43: v | J43: v | K43: v | L43: v | M43: v | N43: v | O43: v | P43: v | Q43: v | R43: v | S43: v | T43: v | U43: v | V43: v | W43: v | X43: v | Y43: v | Z43: v | AA43: v | AB43: v | AC43: v | AD43: v | AE43: v | AF43: v | AG43: v | AH43: v | AI43: v | AJ43: v | AK43: v | AL43: v | AM43: v | AN43: v | AO43: v | AP43: v | AQ43: v | AR43: v | AS43: v | AT43: v | AU43: v | AV43: v | BB43: =IF(AND(I43="",I44=""),"",COUNTIF(I43:I44,"v")) -> 2 | BC43: =IF(AND(J43="",J44=""),"",COUNTIF(J43:J44,"v")) -> 2 | BD43: =IF(AND(K43="",K44=""),"",COUNTIF(K43:K44,"v")) -> 2 | BE43: =IF(AND(L43="",L44=""),"",COUNTIF(L43:L44,"v")) -> 2 | BF43: =IF(AND(M43="",M44=""),"",COUNTIF(M43:M44,"v")) -> 2 | BG43: =IF(AND(N43="",N44=""),"",COUNTIF(N43:N44,"v")) -> 2 | BH43: =IF(AND(O43="",O44=""),"",COUNTIF(O43:O44,"v")) -> 2 | BI43: =IF(AND(P43="",P44=""),"",COUNTIF(P43:P44,"v")) -> 2 | ... CT43: =IF(AND(BA43="",BA44=""),"",COUNTIF(BA43:BA44,"v")) | CU43: =IF(BB43="","",IF(BB43=0,"Ditolak",IF(BB43=1,"Diperbaiki","Digunakan"))) -> Digunakan | CV43: =IF(BC43="","",IF(BC43=0,"Ditolak",IF(AND(BC43>=1,BC43<2),"Diperbaiki","Digunakan"))) -> Digunakan | CW43: =IF(BD43="","",IF(BD43=0,"Ditolak",IF(AND(BD43>=1,BD43<2),"Diperbaiki","Digunakan"))) -> Digunakan | CX43: =IF(BE43="","",IF(BE43=0,"Ditolak",IF(AND(BE43>=1,BE43<2),"Diperbaiki","Digunakan"))) -> Digunakan | CY43: =IF(BF43="","",IF(BF43=0,"Ditolak",IF(AND(BF43>=1,BF43<2),"Diperbaiki","Digunakan"))) -> Digunakan | CZ43: =IF(BG43="","",IF(BG43=0,"Ditolak",IF(AND(BG43>=1,BG43<2),"Diperbaiki","Digunakan"))) -> Digunakan | DA43: =IF(BH43="","",IF(BH43=0,"Ditolak",IF(AND(BH43>=1,BH43<2),"Diperbaiki","Digunakan"))) -> Digunakan | DB43: =IF(BI43="","",IF(BI43=0,"Ditolak",IF(AND(BI43>=1,BI43<2),"Diperbaiki","Digunakan"))) -> Digunakan | DC43: =IF(BJ43="","",IF(BJ43=0,"Ditolak",IF(AND(BJ43>=1,BJ43<2),"Diperbaiki","Digunakan"))) -> Digunakan | ... EM43: =IF(CT43="","",IF(CT43=0,"Ditolak",IF(AND(CT43>=1,CT43<2),"Diperbaiki","Digunakan")))
G44: ● | H44: Soal menggunakan bahasa Indonesia sesuai EYD | I44: v | J44: v | K44: v | L44: v | M44: v | N44: v | O44: v | P44: v | Q44: v | R44: v | S44: v | T44: v | U44: v | V44: v | W44: v | X44: v | Y44: v | Z44: v | AA44: v | AB44: v | AC44: v | AD44: v | AE44: v | AF44: v | AG44: v | AH44: v | AI44: v | AJ44: v | AK44: v | AL44: v | AM44: v | AN44: v | AO44: v | AP44: v | AQ44: v | AR44: v | AS44: v | AT44: v | AU44: v | AV44: v
E45: 4 | F45: Setiap pilihan jawaban jangan mengulang kata atau frase yang bukan merupakan satu kesatuan pengertian | G45: ● | H45: Pilihan jawaban tidak memuat kata atau kalimat yang diulang-ulang | I45: v | J45: v | K45: v | L45: v | M45: v | N45: v | O45: v | P45: v | Q45: v | R45: v | S45: v | T45: v | U45: v | V45: v | W45: v | X45: v | Y45: v | Z45: v | AA45: v | AB45: v | AC45: v | AD45: v | AE45: v | AF45: v | AG45: v | AH45: v | AI45: v | AJ45: v | AK45: v | AL45: v | AM45: v | AN45: v | AO45: v | AP45: v | AQ45: v | AR45: v | AS45: v | AT45: v | AU45: v | AV45: v | BB45: =IF(AND(I45="",I46=""),"",COUNTIF(I45:I46,"v")) -> 2 | BC45: =IF(AND(J45="",J46=""),"",COUNTIF(J45:J46,"v")) -> 2 | BD45: =IF(AND(K45="",K46=""),"",COUNTIF(K45:K46,"v")) -> 2 | BE45: =IF(AND(L45="",L46=""),"",COUNTIF(L45:L46,"v")) -> 2 | BF45: =IF(AND(M45="",M46=""),"",COUNTIF(M45:M46,"v")) -> 2 | BG45: =IF(AND(N45="",N46=""),"",COUNTIF(N45:N46,"v")) -> 2 | BH45: =IF(AND(O45="",O46=""),"",COUNTIF(O45:O46,"v")) -> 2 | BI45: =IF(AND(P45="",P46=""),"",COUNTIF(P45:P46,"v")) -> 2 | ... CT45: =IF(AND(BA45="",BA46=""),"",COUNTIF(BA45:BA46,"v")) | CU45: =IF(BB45="","",IF(BB45=0,"Ditolak",IF(BB45=1,"Diperbaiki","Digunakan"))) -> Digunakan | CV45: =IF(BC45="","",IF(BC45=0,"Ditolak",IF(AND(BC45>=1,BC45<2),"Diperbaiki","Digunakan"))) -> Digunakan | CW45: =IF(BD45="","",IF(BD45=0,"Ditolak",IF(AND(BD45>=1,BD45<2),"Diperbaiki","Digunakan"))) -> Digunakan | CX45: =IF(BE45="","",IF(BE45=0,"Ditolak",IF(AND(BE45>=1,BE45<2),"Diperbaiki","Digunakan"))) -> Digunakan | CY45: =IF(BF45="","",IF(BF45=0,"Ditolak",IF(AND(BF45>=1,BF45<2),"Diperbaiki","Digunakan"))) -> Digunakan | CZ45: =IF(BG45="","",IF(BG45=0,"Ditolak",IF(AND(BG45>=1,BG45<2),"Diperbaiki","Digunakan"))) -> Digunakan | DA45: =IF(BH45="","",IF(BH45=0,"Ditolak",IF(AND(BH45>=1,BH45<2),"Diperbaiki","Digunakan"))) -> Digunakan | DB45: =IF(BI45="","",IF(BI45=0,"Ditolak",IF(AND(BI45>=1,BI45<2),"Diperbaiki","Digunakan"))) -> Digunakan | DC45: =IF(BJ45="","",IF(BJ45=0,"Ditolak",IF(AND(BJ45>=1,BJ45<2),"Diperbaiki","Digunakan"))) -> Digunakan | ... EM45: =IF(CT45="","",IF(CT45=0,"Ditolak",IF(AND(CT45>=1,CT45<2),"Diperbaiki","Digunakan")))
G46: ● | H46: Pilihan jawaban tidak menyita waktu peserta didik untuk membaca | I46: v | J46: v | K46: v | L46: v | M46: v | N46: v | O46: v | P46: v | Q46: v | R46: v | S46: v | T46: v | U46: v | V46: v | W46: v | X46: v | Y46: v | Z46: v | AA46: v | AB46: v | AC46: v | AD46: v | AE46: v | AF46: v | AG46: v | AH46: v | AI46: v | AJ46: v | AK46: v | AL46: v | AM46: v | AN46: v | AO46: v | AP46: v | AQ46: v | AR46: v | AS46: v | AT46: v | AU46: v | AV46: v
A47: III. | B47: HOTS | E47: 1 | F47: Soal memuat stimulus (pernyataan, tabel, grafik, hasil dari percobaan yang dilakukan, laporan, bahan bacaan, hasil observasi, dll) menarik dan kontekstual | G47: ● | H47: Peserta didik mentransfer informasi tersebut dari satu konteks ke konteks lainnya | I47: v | J47: v | K47: v | L47: v | M47: v | N47: v | O47: v | P47: v | Q47: v | R47: v | S47: v | T47: v | U47: v | V47: v | W47: v | X47: v | Y47: v | Z47: v | AA47: v | AB47: v | AC47: v | AD47: v | AE47: v | AF47: v | AG47: v | AH47: v | AI47: v | AJ47: v | AK47: v | AL47: v | AM47: v | AN47: v | AO47: v | AP47: v | AQ47: v | AR47: v | AS47: v | AT47: v | AU47: v | AV47: v | BB47: =IF(AND(I47="",I48="",I49="",I50="",I51="",I51=""),"",IF(COUNTIF(I47:I51,"v")=0,0,IF(AND(COUNTIF(I47:I51,"v")>=1,COUNTIF(I47:I51,"v")<4),1,2))) -> 2 | BC47: =IF(AND(J47="",J48="",J49="",J50="",J51="",J51=""),"",IF(COUNTIF(J47:J51,"v")=0,0,IF(AND(COUNTIF(J47:J51,"v")>=1,COUNTIF(J47:J51,"v")<4),1,2))) -> 2 | BD47: =IF(AND(K47="",K48="",K49="",K50="",K51="",K51=""),"",IF(COUNTIF(K47:K51,"v")=0,0,IF(AND(COUNTIF(K47:K51,"v")>=1,COUNTIF(K47:K51,"v")<4),1,2))) -> 2 | BE47: =IF(AND(L47="",L48="",L49="",L50="",L51="",L51=""),"",IF(COUNTIF(L47:L51,"v")=0,0,IF(AND(COUNTIF(L47:L51,"v")>=1,COUNTIF(L47:L51,"v")<4),1,2))) -> 2 | BF47: =IF(AND(M47="",M48="",M49="",M50="",M51="",M51=""),"",IF(COUNTIF(M47:M51,"v")=0,0,IF(AND(COUNTIF(M47:M51,"v")>=1,COUNTIF(M47:M51,"v")<4),1,2))) -> 2 | BG47: =IF(AND(N47="",N48="",N49="",N50="",N51="",N51=""),"",IF(COUNTIF(N47:N51,"v")=0,0,IF(AND(COUNTIF(N47:N51,"v")>=1,COUNTIF(N47:N51,"v")<4),1,2))) -> 2 | BH47: =IF(AND(O47="",O48="",O49="",O50="",O51="",O51=""),"",IF(COUNTIF(O47:O51,"v")=0,0,IF(AND(COUNTIF(O47:O51,"v")>=1,COUNTIF(O47:O51,"v")<4),1,2))) -> 2 | BI47: =IF(AND(P47="",P48="",P49="",P50="",P51="",P51=""),"",IF(COUNTIF(P47:P51,"v")=0,0,IF(AND(COUNTIF(P47:P51,"v")>=1,COUNTIF(P47:P51,"v")<4),1,2))) -> 2 | ... CT47: =IF(AND(BA47="",BA48="",BA49="",BA50="",BA51="",BA51=""),"",IF(COUNTIF(BA47:BA51,"v")=0,0,IF(AND(COUNTIF(BA47:BA51,"v")>=1,COUNTIF(BA47:BA51,"v")<4),1,2))) | CU47: =IF(BB47="","",IF(BB47=0,"Ditolak",IF(AND(BB47>=1,BB47<4),"Diperbaiki","Digunakan"))) -> Diperbaiki | CV47: =IF(BC47="","",IF(BC47=0,"Ditolak",IF(AND(BC47>=1,BC47<4),"Diperbaiki","Digunakan"))) -> Diperbaiki | CW47: =IF(BD47="","",IF(BD47=0,"Ditolak",IF(AND(BD47>=1,BD47<4),"Diperbaiki","Digunakan"))) -> Diperbaiki | CX47: =IF(BE47="","",IF(BE47=0,"Ditolak",IF(AND(BE47>=1,BE47<4),"Diperbaiki","Digunakan"))) -> Diperbaiki | CY47: =IF(BF47="","",IF(BF47=0,"Ditolak",IF(AND(BF47>=1,BF47<4),"Diperbaiki","Digunakan"))) -> Diperbaiki | CZ47: =IF(BG47="","",IF(BG47=0,"Ditolak",IF(AND(BG47>=1,BG47<4),"Diperbaiki","Digunakan"))) -> Diperbaiki | DA47: =IF(BH47="","",IF(BH47=0,"Ditolak",IF(AND(BH47>=1,BH47<4),"Diperbaiki","Digunakan"))) -> Diperbaiki | DB47: =IF(BI47="","",IF(BI47=0,"Ditolak",IF(AND(BI47>=1,BI47<4),"Diperbaiki","Digunakan"))) -> Diperbaiki | ... EM47: =IF(CT47="","",IF(CT47=0,"Ditolak",IF(AND(CT47>=1,CT47<4),"Diperbaiki","Digunakan"))) | EN47: =IF(COUNTIF(CU47:CU56,"Diperbaiki")>=1,"HOTS","") -> HOTS | EO47: =IF(COUNTIF(CV47:CV56,"Diperbaiki")>=1,"HOTS","") -> HOTS | EP47: =IF(COUNTIF(CW47:CW56,"Diperbaiki")>=1,"HOTS","") -> HOTS | EQ47: =IF(COUNTIF(CX47:CX56,"Diperbaiki")>=1,"HOTS","") -> HOTS | ER47: =IF(COUNTIF(CY47:CY56,"Diperbaiki")>=1,"HOTS","") -> HOTS | ES47: =IF(COUNTIF(CZ47:CZ56,"Diperbaiki")>=1,"HOTS","") -> HOTS | ET47: =IF(COUNTIF(DA47:DA56,"Diperbaiki")>=1,"HOTS","") -> HOTS | EU47: =IF(COUNTIF(DB47:DB56,"Diperbaiki")>=1,"HOTS","") -> HOTS | ... GF47: =IF(COUNTIF(EM47:EM56,"Diperbaiki")>=1,"HOTS","")
G48: ● | H48: Peserta didik memproses dan menerapkan informasi | I48: v | J48: v | K48: v | L48: v | M48: v | N48: v | O48: v | P48: v | Q48: v | R48: v | S48: v | T48: v | U48: v | V48: v | W48: v | X48: v | Y48: v | Z48: v | AA48: v | AB48: v | AC48: v | AD48: v | AE48: v | AF48: v | AG48: v | AH48: v | AI48: v | AJ48: v | AK48: v | AL48: v | AM48: v | AN48: v | AO48: v | AP48: v | AQ48: v | AR48: v | AS48: v | AT48: v | AU48: v | AV48: v
G49: ● | H49: Peserta didik melihat keterkaitan antara informasi yang berbeda-beda | I49: v | J49: v | K49: v | L49: v | M49: v | N49: v | O49: v | P49: v | Q49: v | R49: v | S49: v | T49: v | U49: v | V49: v | W49: v | X49: v | Y49: v | Z49: v | AA49: v | AB49: v | AC49: v | AD49: v | AE49: v | AF49: v | AG49: v | AH49: v | AI49: v | AJ49: v | AK49: v | AL49: v | AM49: v | AN49: v | AO49: v | AP49: v | AQ49: v | AR49: v | AS49: v | AT49: v | AU49: v | AV49: v
G50: ● | H50: Peserta didik menggunakan informasi untuk menyelesaikan masalah | I50: v | J50: v | K50: v | L50: v | M50: v | N50: v | O50: v | P50: v | Q50: v | R50: v | S50: v | T50: v | U50: v | V50: v | W50: v | X50: v | Y50: v | Z50: v | AA50: v | AB50: v | AC50: v | AD50: v | AE50: v | AF50: v | AG50: v | AH50: v | AI50: v | AJ50: v | AK50: v | AL50: v | AM50: v | AN50: v | AO50: v | AP50: v | AQ50: v | AR50: v | AS50: v | AT50: v | AU50: v | AV50: v
G51: ● | H51: Peserta didik secara kritis mengkaji/menelaah ide atau gagasan dan informasi | I51: v | J51: v | K51: v | L51: v | M51: v | N51: v | O51: v | P51: v | Q51: v | R51: v | S51: v | T51: v | U51: v | V51: v | W51: v | X51: v | Y51: v | Z51: v | AA51: v | AB51: v | AC51: v | AD51: v | AE51: v | AF51: v | AG51: v | AH51: v | AI51: v | AJ51: v | AK51: v | AL51: v | AM51: v | AN51: v | AO51: v | AP51: v | AQ51: v | AR51: v | AS51: v | AT51: v | AU51: v | AV51: v
E52: 2 | F52: Soal mengukur cara berfikir logis atau proses penalaran | G52: ● | H52: Soal memuat pertanyaan dan jawaban; | I52: v | J52: v | K52: v | L52: v | M52: v | N52: v | O52: v | P52: v | Q52: v | R52: v | S52: v | T52: v | U52: v | V52: v | W52: v | X52: v | Y52: v | Z52: v | AA52: v | AB52: v | AC52: v | AD52: v | AE52: v | AF52: v | AG52: v | AH52: v | AI52: v | AJ52: v | AK52: v | AL52: v | AM52: v | AN52: v | AO52: v | AP52: v | AQ52: v | AR52: v | AS52: v | AT52: v | AU52: v | AV52: v | BB52: =IF(AND(I52="",I53="",I54="",I55="",I56="",I56=""),"",IF(COUNTIF(I52:I56,"v")=0,0,IF(AND(COUNTIF(I52:I56,"v")>=1,COUNTIF(I52:I56,"v")<4),1,2))) -> 2 | BC52: =IF(AND(J52="",J53="",J54="",J55="",J56="",J56=""),"",IF(COUNTIF(J52:J56,"v")=0,0,IF(AND(COUNTIF(J52:J56,"v")>=1,COUNTIF(J52:J56,"v")<4),1,2))) -> 2 | BD52: =IF(AND(K52="",K53="",K54="",K55="",K56="",K56=""),"",IF(COUNTIF(K52:K56,"v")=0,0,IF(AND(COUNTIF(K52:K56,"v")>=1,COUNTIF(K52:K56,"v")<4),1,2))) -> 2 | BE52: =IF(AND(L52="",L53="",L54="",L55="",L56="",L56=""),"",IF(COUNTIF(L52:L56,"v")=0,0,IF(AND(COUNTIF(L52:L56,"v")>=1,COUNTIF(L52:L56,"v")<4),1,2))) -> 2 | BF52: =IF(AND(M52="",M53="",M54="",M55="",M56="",M56=""),"",IF(COUNTIF(M52:M56,"v")=0,0,IF(AND(COUNTIF(M52:M56,"v")>=1,COUNTIF(M52:M56,"v")<4),1,2))) -> 2 | BG52: =IF(AND(N52="",N53="",N54="",N55="",N56="",N56=""),"",IF(COUNTIF(N52:N56,"v")=0,0,IF(AND(COUNTIF(N52:N56,"v")>=1,COUNTIF(N52:N56,"v")<4),1,2))) -> 2 | BH52: =IF(AND(O52="",O53="",O54="",O55="",O56="",O56=""),"",IF(COUNTIF(O52:O56,"v")=0,0,IF(AND(COUNTIF(O52:O56,"v")>=1,COUNTIF(O52:O56,"v")<4),1,2))) -> 2 | BI52: =IF(AND(P52="",P53="",P54="",P55="",P56="",P56=""),"",IF(COUNTIF(P52:P56,"v")=0,0,IF(AND(COUNTIF(P52:P56,"v")>=1,COUNTIF(P52:P56,"v")<4),1,2))) -> 2 | ... CT52: =IF(AND(BA52="",BA53="",BA54="",BA55="",BA56="",BA56=""),"",IF(COUNTIF(BA52:BA56,"v")=0,0,IF(AND(COUNTIF(BA52:BA56,"v")>=1,COUNTIF(BA52:BA56,"v")<4),1,2))) | CU52: =IF(BB52="","",IF(BB52=0,"Ditolak",IF(AND(BB52>=1,BB52<4),"Diperbaiki","Digunakan"))) -> Diperbaiki | CV52: =IF(BC52="","",IF(BC52=0,"Ditolak",IF(AND(BC52>=1,BC52<4),"Diperbaiki","Digunakan"))) -> Diperbaiki | CW52: =IF(BD52="","",IF(BD52=0,"Ditolak",IF(AND(BD52>=1,BD52<4),"Diperbaiki","Digunakan"))) -> Diperbaiki | CX52: =IF(BE52="","",IF(BE52=0,"Ditolak",IF(AND(BE52>=1,BE52<4),"Diperbaiki","Digunakan"))) -> Diperbaiki | CY52: =IF(BF52="","",IF(BF52=0,"Ditolak",IF(AND(BF52>=1,BF52<4),"Diperbaiki","Digunakan"))) -> Diperbaiki | CZ52: =IF(BG52="","",IF(BG52=0,"Ditolak",IF(AND(BG52>=1,BG52<4),"Diperbaiki","Digunakan"))) -> Diperbaiki | DA52: =IF(BH52="","",IF(BH52=0,"Ditolak",IF(AND(BH52>=1,BH52<4),"Diperbaiki","Digunakan"))) -> Diperbaiki | DB52: =IF(BI52="","",IF(BI52=0,"Ditolak",IF(AND(BI52>=1,BI52<4),"Diperbaiki","Digunakan"))) -> Diperbaiki | ... EM52: =IF(CT52="","",IF(CT52=0,"Ditolak",IF(AND(CT52>=1,CT52<4),"Diperbaiki","Digunakan")))
G53: ● | H53: Soal mendorong melakukan eksplorasi dan analisis; | I53: v | J53: v | K53: v | L53: v | M53: v | N53: v | O53: v | P53: v | Q53: v | R53: v | S53: v | T53: v | U53: v | V53: v | W53: v | X53: v | Y53: v | Z53: v | AA53: v | AB53: v | AC53: v | AD53: v | AE53: v | AF53: v | AG53: v | AH53: v | AI53: v | AJ53: v | AK53: v | AL53: v | AM53: v | AN53: v | AO53: v | AP53: v | AQ53: v | AR53: v | AS53: v | AT53: v | AU53: v | AV53: v
G54: ● | H54: Peserta didik bernalar ketika memperoleh informasi, bukan mengingatnya kembali; | I54: v | J54: v | K54: v | L54: v | M54: v | N54: v | O54: v | P54: v | Q54: v | R54: v | S54: v | T54: v | U54: v | V54: v | W54: v | X54: v | Y54: v | Z54: v | AA54: v | AB54: v | AC54: v | AD54: v | AE54: v | AF54: v | AG54: v | AH54: v | AI54: v | AJ54: v | AK54: v | AL54: v | AM54: v | AN54: v | AO54: v | AP54: v | AQ54: v | AR54: v | AS54: v | AT54: v | AU54: v | AV54: v
G55: ● | H55: Peserta didik memecahkan, menilai, mengkritik dan menerjemahkan; | I55: v | J55: v | K55: v | L55: v | M55: v | N55: v | O55: v | P55: v | Q55: v | R55: v | S55: v | T55: v | U55: v | V55: v | W55: v | X55: v | Y55: v | Z55: v | AA55: v | AB55: v | AC55: v | AD55: v | AE55: v | AF55: v | AG55: v | AH55: v | AI55: v | AJ55: v | AK55: v | AL55: v | AM55: v | AN55: v | AO55: v | AP55: v | AQ55: v | AR55: v | AS55: v | AT55: v | AU55: v | AV55: v
G56: ● | H56: Soal mengukur proses kognitif antara lain analisis, sintesis, dan evaluasi | I56: v | J56: v | K56: v | L56: v | M56: v | N56: v | O56: v | P56: v | Q56: v | R56: v | S56: v | T56: v | U56: v | V56: v | W56: v | X56: v | Y56: v | Z56: v | AA56: v | AB56: v | AC56: v | AD56: v | AE56: v | AF56: v | AG56: v | AH56: v | AI56: v | AJ56: v | AK56: v | AL56: v | AM56: v | AN56: v | AO56: v | AP56: v | AQ56: v | AR56: v | AS56: v | AT56: v | AU56: v | AV56: v
A57: IV. | B57: DIMENSI PROSES KOGNITIF | C57: 1 | D57: Mengingat | E57: C1 | F57: Soal mengambil pengetahuan dari memori jangka panjang, ditandai dengan kata kerja operasional | G57: ● | H57: mengenali | I57: v | J57: v | K57: v | L57: v | M57: v | N57: v | O57: v | P57: v | Q57: v | R57: v | S57: v | T57: v | U57: v | V57: v | W57: v | X57: v | Y57: v | Z57: v | AA57: v | AB57: v | AC57: v | AD57: v | AE57: v | AF57: v | AG57: v | AH57: v | AI57: v | AJ57: v | AK57: v | AL57: v | AM57: v | AN57: v | AO57: v | AP57: v | AQ57: v | AR57: v | AS57: v | AT57: v | AU57: v | AV57: v | BB57: =IF(AND(I57="",I58=""),"",COUNTIF(I57:I58,"v")) -> 2 | BC57: =IF(AND(J57="",J58=""),"",COUNTIF(J57:J58,"v")) -> 2 | BD57: =IF(AND(K57="",K58=""),"",COUNTIF(K57:K58,"v")) -> 2 | BE57: =IF(AND(L57="",L58=""),"",COUNTIF(L57:L58,"v")) -> 2 | BF57: =IF(AND(M57="",M58=""),"",COUNTIF(M57:M58,"v")) -> 2 | BG57: =IF(AND(N57="",N58=""),"",COUNTIF(N57:N58,"v")) -> 2 | BH57: =IF(AND(O57="",O58=""),"",COUNTIF(O57:O58,"v")) -> 2 | BI57: =IF(AND(P57="",P58=""),"",COUNTIF(P57:P58,"v")) -> 2 | ... CO57: =IF(AND(AV57="",AV58=""),"",COUNTIF(AV57:AV58,"v")) -> 2 | CQ57: =IF(AND(AX57="",AX58=""),"",COUNTIF(AX57:AX58,"v")) | CR57: =IF(AND(AY57="",AY58=""),"",COUNTIF(AY57:AY58,"v")) | CS57: =IF(AND(AZ57="",AZ58=""),"",COUNTIF(AZ57:AZ58,"v")) | CT57: =IF(AND(BA57="",BA58=""),"",COUNTIF(BA57:BA58,"v")) | CU57: =IF(BB57="","",IF(BB57>=1,1,0)) -> 1 | CV57: =IF(BC57="","",IF(BC57>=1,1,0)) -> 1 | CW57: =IF(BD57="","",IF(BD57>=1,1,0)) -> 1 | CX57: =IF(BE57="","",IF(BE57>=1,1,0)) -> 1 | CY57: =IF(BF57="","",IF(BF57>=1,1,0)) -> 1 | CZ57: =IF(BG57="","",IF(BG57>=1,1,0)) -> 1 | DA57: =IF(BH57="","",IF(BH57>=1,1,0)) -> 1 | DB57: =IF(BI57="","",IF(BI57>=1,1,0)) -> 1 | ... GA57: =IF(EH57="","",IF(EH57>=1,1,0)) -> 1 | GB57: 6 | GC57: 1 | GD57: 1 | GE57: 1 | GF57: 2 | GG57: C3 | GH57: C2 | GI57: C2 | GJ57: C2 | GK57: C2 | GL57: C4 | GM57: C4 | GN57: C3 | GO57: C3 | GP57: C3 | GQ57: C3 | GR57: C3 | GS57: C3 | GT57: C3 | GU57: C3 | GV57: C3 | GW57: C3 | GX57: C3 | GY57: C3 | GZ57: C3 | HA57: C3 | HB57: C3 | HC57: C3 | HD57: C3 | HE57: C4 | HF57: C3 | HG57: C2 | HH57: C3 | HI57: C3 | HJ57: C3 | HK57: C4 | HL57: C4 | HM57: C4 | HN57: C4 | HO57: C4 | HP57: C2 | HQ57: C1 | HR57: C1 | HS57: C3 | HT57: C3 | HU57: =IF(MAX(EI57:EI75)=1,"C1",IF(MAX(EI57:EI75)=2,"C2",IF(MAX(EI57:EI75)=3,"C3",IF(MAX(EI57:EI75)=4,"C4",IF(MAX(EI57:EI75)=5,"C5",IF(MAX(EI57:EI75)=6,"C6","")))))) | HV57: =IF(MAX(EJ57:EJ75)=1,"C1",IF(MAX(EJ57:EJ75)=2,"C2",IF(MAX(EJ57:EJ75)=3,"C3",IF(MAX(EJ57:EJ75)=4,"C4",IF(MAX(EJ57:EJ75)=5,"C5",IF(MAX(EJ57:EJ75)=6,"C6","")))))) | HW57: =IF(MAX(EK57:EK75)=1,"C1",IF(MAX(EK57:EK75)=2,"C2",IF(MAX(EK57:EK75)=3,"C3",IF(MAX(EK57:EK75)=4,"C4",IF(MAX(EK57:EK75)=5,"C5",IF(MAX(EK57:EK75)=6,"C6","")))))) | HX57: =IF(MAX(EL57:EL75)=1,"C1",IF(MAX(EL57:EL75)=2,"C2",IF(MAX(EL57:EL75)=3,"C3",IF(MAX(EL57:EL75)=4,"C4",IF(MAX(EL57:EL75)=5,"C5",IF(MAX(EL57:EL75)=6,"C6","")))))) | HY57: =IF(MAX(EM57:EM75)=1,"C1",IF(MAX(EM57:EM75)=2,"C2",IF(MAX(EM57:EM75)=3,"C3",IF(MAX(EM57:EM75)=4,"C4",IF(MAX(EM57:EM75)=5,"C5",IF(MAX(EM57:EM75)=6,"C6",""))))))
G58: ● | H58: mengingat kembali | I58: v | J58: v | K58: v | L58: v | M58: v | N58: v | O58: v | P58: v | Q58: v | R58: v | S58: v | T58: v | U58: v | V58: v | W58: v | X58: v | Y58: v | Z58: v | AA58: v | AB58: v | AC58: v | AD58: v | AE58: v | AF58: v | AG58: v | AH58: v | AI58: v | AJ58: v | AK58: v | AL58: v | AM58: v | AN58: v | AO58: v | AP58: v | AQ58: v | AR58: v | AS58: v | AT58: v | AU58: v | AV58: v
C59: 2 | D59: Memahami | E59: C2 | F59: Soal mengkonstruk makna dari materi pembelajaran, termasuk apa yang diucapkan, ditulis, dan digambar oleh guru dengan kata kerja operasional | G59: ● | H59: menafsirkan | I59: v | J59: v | K59: v | L59: v | M59: v | N59: v | O59: v | P59: v | Q59: v | R59: v | S59: v | T59: v | U59: v | V59: v | W59: v | X59: v | Y59: v | Z59: v | AA59: v | AB59: v | AC59: v | AD59: v | AE59: v | AF59: v | AG59: v | AH59: v | AI59: v | AJ59: v | AK59: v | AL59: v | AM59: v | AN59: v | AO59: v | AP59: v | AQ59: v | AR59: v | AS59: v | AT59: v | AU59: v | AV59: v | BB59: =IF(AND(I59="",I60="",I61="",I62="",I63="",I64="",I65=""),"",COUNTIF(I59:I65,"v")) -> 7 | BC59: =IF(AND(J59="",J60="",J61="",J62="",J63="",J64="",J65=""),"",COUNTIF(J59:J65,"v")) -> 7 | BD59: =IF(AND(K59="",K60="",K61="",K62="",K63="",K64="",K65=""),"",COUNTIF(K59:K65,"v")) -> 7 | BE59: =IF(AND(L59="",L60="",L61="",L62="",L63="",L64="",L65=""),"",COUNTIF(L59:L65,"v")) -> 7 | BF59: =IF(AND(M59="",M60="",M61="",M62="",M63="",M64="",M65=""),"",COUNTIF(M59:M65,"v")) -> 7 | BG59: =IF(AND(N59="",N60="",N61="",N62="",N63="",N64="",N65=""),"",COUNTIF(N59:N65,"v")) -> 7 | BH59: =IF(AND(O59="",O60="",O61="",O62="",O63="",O64="",O65=""),"",COUNTIF(O59:O65,"v")) -> 7 | BI59: =IF(AND(P59="",P60="",P61="",P62="",P63="",P64="",P65=""),"",COUNTIF(P59:P65,"v")) -> 7 | ... CT59: =IF(AND(BA59="",BA60="",BA61="",BA62="",BA63="",BA64="",BA65=""),"",COUNTIF(BA59:BA65,"v")) | CU59: =IF(BB59="","",IF(BB59>=1,2,0)) -> 2 | CV59: =IF(BC59="","",IF(BC59>=1,2,0)) -> 2 | CW59: =IF(BD59="","",IF(BD59>=1,2,0)) -> 2 | CX59: =IF(BE59="","",IF(BE59>=1,2,0)) -> 2 | CY59: =IF(BF59="","",IF(BF59>=1,2,0)) -> 2 | CZ59: =IF(BG59="","",IF(BG59>=1,2,0)) -> 2 | DA59: =IF(BH59="","",IF(BH59>=1,2,0)) -> 2 | DB59: =IF(BI59="","",IF(BI59>=1,2,0)) -> 2 | ... GF59: =IF(EM59="","",IF(EM59>=1,2,0))
G60: ● | H60: mencontohkan | I60: v | J60: v | K60: v | L60: v | M60: v | N60: v | O60: v | P60: v | Q60: v | R60: v | S60: v | T60: v | U60: v | V60: v | W60: v | X60: v | Y60: v | Z60: v | AA60: v | AB60: v | AC60: v | AD60: v | AE60: v | AF60: v | AG60: v | AH60: v | AI60: v | AJ60: v | AK60: v | AL60: v | AM60: v | AN60: v | AO60: v | AP60: v | AQ60: v | AR60: v | AS60: v | AT60: v | AU60: v | AV60: v
G61: ● | H61: mengklasifikasikan | I61: v | J61: v | K61: v | L61: v | M61: v | N61: v | O61: v | P61: v | Q61: v | R61: v | S61: v | T61: v | U61: v | V61: v | W61: v | X61: v | Y61: v | Z61: v | AA61: v | AB61: v | AC61: v | AD61: v | AE61: v | AF61: v | AG61: v | AH61: v | AI61: v | AJ61: v | AK61: v | AL61: v | AM61: v | AN61: v | AO61: v | AP61: v | AQ61: v | AR61: v | AS61: v | AT61: v | AU61: v | AV61: v
G62: ● | H62: merangkum | I62: v | J62: v | K62: v | L62: v | M62: v | N62: v | O62: v | P62: v | Q62: v | R62: v | S62: v | T62: v | U62: v | V62: v | W62: v | X62: v | Y62: v | Z62: v | AA62: v | AB62: v | AC62: v | AD62: v | AE62: v | AF62: v | AG62: v | AH62: v | AI62: v | AJ62: v | AK62: v | AL62: v | AM62: v | AN62: v | AO62: v | AP62: v | AQ62: v | AR62: v | AS62: v | AT62: v | AU62: v | AV62: v
G63: ● | H63: menyimpulkan | I63: v | J63: v | K63: v | L63: v | M63: v | N63: v | O63: v | P63: v | Q63: v | R63: v | S63: v | T63: v | U63: v | V63: v | W63: v | X63: v | Y63: v | Z63: v | AA63: v | AB63: v | AC63: v | AD63: v | AE63: v | AF63: v | AG63: v | AH63: v | AI63: v | AJ63: v | AK63: v | AL63: v | AM63: v | AN63: v | AO63: v | AP63: v | AQ63: v | AR63: v | AS63: v | AT63: v | AU63: v | AV63: v
G64: ● | H64: membandingkan | I64: v | J64: v | K64: v | L64: v | M64: v | N64: v | O64: v | P64: v | Q64: v | R64: v | S64: v | T64: v | U64: v | V64: v | W64: v | X64: v | Y64: v | Z64: v | AA64: v | AB64: v | AC64: v | AD64: v | AE64: v | AF64: v | AG64: v | AH64: v | AI64: v | AJ64: v | AK64: v | AL64: v | AM64: v | AN64: v | AO64: v | AP64: v | AQ64: v | AR64: v | AS64: v | AT64: v | AU64: v | AV64: v
G65: ● | H65: menjelaskan | I65: v | J65: v | K65: v | L65: v | M65: v | N65: v | O65: v | P65: v | Q65: v | R65: v | S65: v | T65: v | U65: v | V65: v | W65: v | X65: v | Y65: v | Z65: v | AA65: v | AB65: v | AC65: v | AD65: v | AE65: v | AF65: v | AG65: v | AH65: v | AI65: v | AJ65: v | AK65: v | AL65: v | AM65: v | AN65: v | AO65: v | AP65: v | AQ65: v | AR65: v | AS65: v | AT65: v | AU65: v | AV65: v
C66: 3 | D66: Mengaplikasikan | E66: C3 | F66: Soal menerapkan atau menggunakan suatu prosedur dalam keadaan tertentu dengan kata kerja operasional | G66: ● | H66: mengeksekusi | I66: v | J66: v | K66: v | L66: v | M66: v | N66: v | O66: v | P66: v | Q66: v | R66: v | S66: v | T66: v | U66: v | V66: v | W66: v | X66: v | Y66: v | Z66: v | AA66: v | AB66: v | AC66: v | AD66: v | AE66: v | AF66: v | AG66: v | AH66: v | AI66: v | AJ66: v | AK66: v | AL66: v | AM66: v | AN66: v | AO66: v | AP66: v | AQ66: v | AR66: v | AS66: v | AT66: v | AU66: v | AV66: v | BB66: =IF(AND(I66="",I67=""),"",COUNTIF(I66:I67,"v")) -> 2 | BC66: =IF(AND(J66="",J67=""),"",COUNTIF(J66:J67,"v")) -> 2 | BD66: =IF(AND(K66="",K67=""),"",COUNTIF(K66:K67,"v")) -> 2 | BE66: =IF(AND(L66="",L67=""),"",COUNTIF(L66:L67,"v")) -> 2 | BF66: =IF(AND(M66="",M67=""),"",COUNTIF(M66:M67,"v")) -> 2 | BG66: =IF(AND(N66="",N67=""),"",COUNTIF(N66:N67,"v")) -> 2 | BH66: =IF(AND(O66="",O67=""),"",COUNTIF(O66:O67,"v")) -> 2 | BI66: =IF(AND(P66="",P67=""),"",COUNTIF(P66:P67,"v")) -> 2 | ... CT66: =IF(AND(BA66="",BA67=""),"",COUNTIF(BA66:BA67,"v")) | CU66: =IF(BB66="","",IF(BB66>=1,3,0)) -> 3 | CV66: =IF(BC66="","",IF(BC66>=1,3,0)) -> 3 | CW66: =IF(BD66="","",IF(BD66>=1,3,0)) -> 3 | CX66: =IF(BE66="","",IF(BE66>=1,3,0)) -> 3 | CY66: =IF(BF66="","",IF(BF66>=1,3,0)) -> 3 | CZ66: =IF(BG66="","",IF(BG66>=1,3,0)) -> 3 | DA66: =IF(BH66="","",IF(BH66>=1,3,0)) -> 3 | DB66: =IF(BI66="","",IF(BI66>=1,3,0)) -> 3 | ... GF66: =IF(EM66="","",IF(EM66>=1,3,0))
G67: ● | H67: mengimplemenatsikan | I67: v | J67: v | K67: v | L67: v | M67: v | N67: v | O67: v | P67: v | Q67: v | R67: v | S67: v | T67: v | U67: v | V67: v | W67: v | X67: v | Y67: v | Z67: v | AA67: v | AB67: v | AC67: v | AD67: v | AE67: v | AF67: v | AG67: v | AH67: v | AI67: v | AJ67: v | AK67: v | AL67: v | AM67: v | AN67: v | AO67: v | AP67: v | AQ67: v | AR67: v | AS67: v | AT67: v | AU67: v | AV67: v
C68: 4 | D68: Menganalisis | E68: C4 | F68: Soal memecah-mecah materi jadi bagian-bagian penyusunnya dan menentukan hubungan-hubungan antarbagian itu dan hubungan antara bagian-bagian tersebut dan keseluruhan struktur atau tujuan | G68: ● | H68: membedakan | I68: v | J68: v | K68: v | L68: v | M68: v | N68: v | O68: v | P68: v | Q68: v | R68: v | S68: v | T68: v | U68: v | V68: v | W68: v | X68: v | Y68: v | Z68: v | AA68: v | AB68: v | AC68: v | AD68: v | AE68: v | AF68: v | AG68: v | AH68: v | AI68: v | AJ68: v | AK68: v | AL68: v | AM68: v | AN68: v | AO68: v | AP68: v | AQ68: v | AR68: v | AS68: v | AT68: v | AU68: v | AV68: v | BB68: =IF(AND(I68="",I69="",I70=""),"",COUNTIF(I68:I70,"v")) -> 3 | BC68: =IF(AND(J68="",J69="",J70=""),"",COUNTIF(J68:J70,"v")) -> 3 | BD68: =IF(AND(K68="",K69="",K70=""),"",COUNTIF(K68:K70,"v")) -> 3 | BE68: =IF(AND(L68="",L69="",L70=""),"",COUNTIF(L68:L70,"v")) -> 3 | BF68: =IF(AND(M68="",M69="",M70=""),"",COUNTIF(M68:M70,"v")) -> 3 | BG68: =IF(AND(N68="",N69="",N70=""),"",COUNTIF(N68:N70,"v")) -> 3 | BH68: =IF(AND(O68="",O69="",O70=""),"",COUNTIF(O68:O70,"v")) -> 3 | BI68: =IF(AND(P68="",P69="",P70=""),"",COUNTIF(P68:P70,"v")) -> 3 | ... CT68: =IF(AND(BA68="",BA69="",BA70=""),"",COUNTIF(BA68:BA70,"v")) | CU68: =IF(BB68="","",IF(BB68>=1,4,0)) -> 4 | CV68: =IF(BC68="","",IF(BC68>=1,4,0)) -> 4 | CW68: =IF(BD68="","",IF(BD68>=1,4,0)) -> 4 | CX68: =IF(BE68="","",IF(BE68>=1,4,0)) -> 4 | CY68: =IF(BF68="","",IF(BF68>=1,4,0)) -> 4 | CZ68: =IF(BG68="","",IF(BG68>=1,4,0)) -> 4 | DA68: =IF(BH68="","",IF(BH68>=1,4,0)) -> 4 | DB68: =IF(BI68="","",IF(BI68>=1,4,0)) -> 4 | ... GF68: =IF(EM68="","",IF(EM68>=1,4,0))
G69: ● | H69: mengorganisasikan | I69: v | J69: v | K69: v | L69: v | M69: v | N69: v | O69: v | P69: v | Q69: v | R69: v | S69: v | T69: v | U69: v | V69: v | W69: v | X69: v | Y69: v | Z69: v | AA69: v | AB69: v | AC69: v | AD69: v | AE69: v | AF69: v | AG69: v | AH69: v | AI69: v | AJ69: v | AK69: v | AL69: v | AM69: v | AN69: v | AO69: v | AP69: v | AQ69: v | AR69: v | AS69: v | AT69: v | AU69: v | AV69: v
G70: ● | H70: mengatribusikan | I70: v | J70: v | K70: v | L70: v | M70: v | N70: v | O70: v | P70: v | Q70: v | R70: v | S70: v | T70: v | U70: v | V70: v | W70: v | X70: v | Y70: v | Z70: v | AA70: v | AB70: v | AC70: v | AD70: v | AE70: v | AF70: v | AG70: v | AH70: v | AI70: v | AJ70: v | AK70: v | AL70: v | AM70: v | AN70: v | AO70: v | AP70: v | AQ70: v | AR70: v | AS70: v | AT70: v | AU70: v | AV70: v
C71: 5 | D71: Mengevaluasi | E71: C5 | F71: Soal mengambil keputusan berdasarkan kriteria dan atau standar | G71: ● | H71: memeriksa | I71: v | J71: v | K71: v | L71: v | M71: v | N71: v | O71: v | P71: v | Q71: v | R71: v | S71: v | T71: v | U71: v | V71: v | W71: v | X71: v | Y71: v | Z71: v | AA71: v | AB71: v | AC71: v | AD71: v | AE71: v | AF71: v | AG71: v | AH71: v | AI71: v | AJ71: v | AK71: v | AL71: v | AM71: v | AN71: v | AO71: v | AP71: v | AQ71: v | AR71: v | AS71: v | AT71: v | AU71: v | AV71: v | BB71: =IF(AND(I71="",I72=""),"",COUNTIF(I71:I72,"v")) -> 2 | BC71: =IF(AND(J71="",J72=""),"",COUNTIF(J71:J72,"v")) -> 2 | BD71: =IF(AND(K71="",K72=""),"",COUNTIF(K71:K72,"v")) -> 2 | BE71: =IF(AND(L71="",L72=""),"",COUNTIF(L71:L72,"v")) -> 2 | BF71: =IF(AND(M71="",M72=""),"",COUNTIF(M71:M72,"v")) -> 2 | BG71: =IF(AND(N71="",N72=""),"",COUNTIF(N71:N72,"v")) -> 2 | BH71: =IF(AND(O71="",O72=""),"",COUNTIF(O71:O72,"v")) -> 2 | BI71: =IF(AND(P71="",P72=""),"",COUNTIF(P71:P72,"v")) -> 2 | ... CT71: =IF(AND(BA71="",BA72=""),"",COUNTIF(BA71:BA72,"v")) | CU71: =IF(BB71="","",IF(BB71>=1,5,0)) -> 5 | CV71: =IF(BC71="","",IF(BC71>=1,5,0)) -> 5 | CW71: =IF(BD71="","",IF(BD71>=1,5,0)) -> 5 | CX71: =IF(BE71="","",IF(BE71>=1,5,0)) -> 5 | CY71: =IF(BF71="","",IF(BF71>=1,5,0)) -> 5 | CZ71: =IF(BG71="","",IF(BG71>=1,5,0)) -> 5 | DA71: =IF(BH71="","",IF(BH71>=1,5,0)) -> 5 | DB71: =IF(BI71="","",IF(BI71>=1,5,0)) -> 5 | ... GF71: =IF(EM71="","",IF(EM71>=1,5,0))
G72: ● | H72: mengkritik | I72: v | J72: v | K72: v | L72: v | M72: v | N72: v | O72: v | P72: v | Q72: v | R72: v | S72: v | T72: v | U72: v | V72: v | W72: v | X72: v | Y72: v | Z72: v | AA72: v | AB72: v | AC72: v | AD72: v | AE72: v | AF72: v | AG72: v | AH72: v | AI72: v | AJ72: v | AK72: v | AL72: v | AM72: v | AN72: v | AO72: v | AP72: v | AQ72: v | AR72: v | AS72: v | AT72: v | AU72: v | AV72: v
C73: 6 | D73: Mengkreasi | E73: C6 | F73: Soal memadukan bagian-bagian untuk membentuk sesuatu yang baru dan koheren atau untuk membuat suatu produk yang orisinal | G73: ● | H73: merumuskan | I73: v | J73: v | K73: v | L73: v | M73: v | N73: v | O73: v | P73: v | Q73: v | R73: v | S73: v | T73: v | U73: v | V73: v | W73: v | X73: v | Y73: v | Z73: v | AA73: v | AB73: v | AC73: v | AD73: v | AE73: v | AF73: v | AG73: v | AH73: v | AI73: v | AJ73: v | AK73: v | AL73: v | AM73: v | AN73: v | AO73: v | AP73: v | AQ73: v | AR73: v | AS73: v | AT73: v | AU73: v | AV73: v | BB73: =IF(AND(I73="",I74="",I75=""),"",COUNTIF(I73:I75,"v")) -> 3 | BC73: =IF(AND(J73="",J74="",J75=""),"",COUNTIF(J73:J75,"v")) -> 3 | BD73: =IF(AND(K73="",K74="",K75=""),"",COUNTIF(K73:K75,"v")) -> 3 | BE73: =IF(AND(L73="",L74="",L75=""),"",COUNTIF(L73:L75,"v")) -> 3 | BF73: =IF(AND(M73="",M74="",M75=""),"",COUNTIF(M73:M75,"v")) -> 3 | BG73: =IF(AND(N73="",N74="",N75=""),"",COUNTIF(N73:N75,"v")) -> 3 | BH73: =IF(AND(O73="",O74="",O75=""),"",COUNTIF(O73:O75,"v")) -> 3 | BI73: =IF(AND(P73="",P74="",P75=""),"",COUNTIF(P73:P75,"v")) -> 3 | ... CT73: =IF(AND(BA73="",BA74="",BA75=""),"",COUNTIF(BA73:BA75,"v")) | CU73: =IF(BB73="","",IF(BB73>=1,6,0)) -> 6 | CV73: =IF(BC73="","",IF(BC73>=1,6,0)) -> 6 | CW73: =IF(BD73="","",IF(BD73>=1,6,0)) -> 6 | CX73: =IF(BE73="","",IF(BE73>=1,6,0)) -> 6 | CY73: =IF(BF73="","",IF(BF73>=1,6,0)) -> 6 | CZ73: =IF(BG73="","",IF(BG73>=1,6,0)) -> 6 | DA73: =IF(BH73="","",IF(BH73>=1,6,0)) -> 6 | DB73: =IF(BI73="","",IF(BI73>=1,6,0)) -> 6 | ... GF73: =IF(EM73="","",IF(EM73>=1,6,0))
G74: ● | H74: merencanakan | I74: v | J74: v | K74: v | L74: v | M74: v | N74: v | O74: v | P74: v | Q74: v | R74: v | S74: v | T74: v | U74: v | V74: v | W74: v | X74: v | Y74: v | Z74: v | AA74: v | AB74: v | AC74: v | AD74: v | AE74: v | AF74: v | AG74: v | AH74: v | AI74: v | AJ74: v | AK74: v | AL74: v | AM74: v | AN74: v | AO74: v | AP74: v | AQ74: v | AR74: v | AS74: v | AT74: v | AU74: v | AV74: v
G75: ● | H75: memproduksi | I75: v | J75: v | K75: v | L75: v | M75: v | N75: v | O75: v | P75: v | Q75: v | R75: v | S75: v | T75: v | U75: v | V75: v | W75: v | X75: v | Y75: v | Z75: v | AA75: v | AB75: v | AC75: v | AD75: v | AE75: v | AF75: v | AG75: v | AH75: v | AI75: v | AJ75: v | AK75: v | AL75: v | AM75: v | AN75: v | AO75: v | AP75: v | AQ75: v | AR75: v | AS75: v | AT75: v | AU75: v | AV75: v

Sheet Telaah_UR
A1: Petunjuk
A2: Isilah kolom telaah soal dengan tanda "V" untuk yang sesuai atau tanda "X" untuk yang tidak sesuai pada setiap cel yang diblok warna hijau
A4: NO | B4: ASPEK | C4: INDIKATOR | G4: DESKRIPTOR | I4: telaah soal | AC4: skor soal | AW4: kategori | BQ4: aspek lemah | DE4: gabungan aspek lemah | DY4: rekomendasi No.
I5: 41 | J5: 42 | K5: 43 | L5: 44 | M5: 45 | N5: 6 | O5: 7 | P5: 8 | Q5: 9 | R5: 10 | S5: 11 | T5: 12 | U5: 13 | V5: 14 | W5: 15 | X5: 16 | Y5: 17 | Z5: 18 | AA5: 19 | AB5: 20 | AC5: 1 | AD5: 2 | AE5: 3 | AF5: 4 | AG5: 5 | AH5: 6 | AI5: 7 | AJ5: 8 | AK5: 9 | AL5: 10 | AM5: 11 | AN5: 12 | AO5: 13 | AP5: 14 | AQ5: 15 | AR5: 16 | AS5: 17 | AT5: 18 | AU5: 19 | AV5: 20 | AW5: 1 | AX5: 2 | AY5: 3 | AZ5: 4 | BA5: 5 | BB5: 6 | BC5: 7 | BD5: 8 | BE5: 9 | BF5: 10 | BG5: 11 | BH5: 12 | BI5: 13 | BJ5: 14 | BK5: 15 | BL5: 16 | BM5: 17 | BN5: 18 | BO5: 19 | BP5: 20 | BQ5: 1 | BR5: 2 | BS5: 3 | BT5: 4 | BU5: 5 | BV5: 6 | BW5: 7 | BX5: 8 | BY5: 9 | BZ5: 10 | CA5: 11 | CB5: 12 | CC5: 13 | CD5: 14 | CE5: 15 | CF5: 16 | CG5: 17 | CH5: 18 | CI5: 19 | CJ5: 20 | CK5: 1 | CL5: 2 | CM5: 3 | CN5: 4 | CO5: 5 | CP5: 6 | CQ5: 7 | CR5: 8 | CS5: 9 | CT5: 10 | CU5: 11 | CV5: 12 | CW5: 13 | CX5: 14 | CY5: 15 | CZ5: 16 | DA5: 17 | DB5: 18 | DC5: 19 | DD5: 20 | DE5: 1 | DF5: 2 | DG5: 3 | DH5: 4 | DI5: 5 | DJ5: 6 | DK5: 7 | DL5: 8 | DM5: 9 | DN5: 10 | DO5: 11 | DP5: 12 | DQ5: 13 | DR5: 14 | DS5: 15 | DT5: 16 | DU5: 17 | DV5: 18 | DW5: 19 | DX5: 20 | DY5: 1 | DZ5: 2 | EA5: 3 | EB5: 4 | EC5: 5 | ED5: 6 | EE5: 7 | EF5: 8 | EG5: 9 | EH5: 10 | EI5: 11 | EJ5: 12 | EK5: 13 | EL5: 14 | EM5: 15 | EN5: 16 | EO5: 17 | EP5: 18 | EQ5: 19 | ER5: 20
A6: I. | B6: HAL-HAL PENTING | C6: A. | D6: Soal tidak menyinggung SARA | G6: ● | H6: tidak menyinggung suku | I6: v | J6: v | K6: v | L6: v | M6: v | AC6: =IF(AND(I6="",I7="",I8="",I9=""),"",IF(COUNTIF(I6:I9,"v")>=3,2,IF(AND(COUNTIF(I6:I9,"v")>=1,COUNTIF(I6:I9,"v")<=3),1,0))) -> 2 | AD6: =IF(AND(J6="",J7="",J8="",J9=""),"",IF(COUNTIF(J6:J9,"v")>=3,2,IF(AND(COUNTIF(J6:J9,"v")>=1,COUNTIF(J6:J9,"v")<=3),1,0))) -> 2 | AE6: =IF(AND(K6="",K7="",K8="",K9=""),"",IF(COUNTIF(K6:K9,"v")>=3,2,IF(AND(COUNTIF(K6:K9,"v")>=1,COUNTIF(K6:K9,"v")<=3),1,0))) -> 2 | AF6: =IF(AND(L6="",L7="",L8="",L9=""),"",IF(COUNTIF(L6:L9,"v")>=3,2,IF(AND(COUNTIF(L6:L9,"v")>=1,COUNTIF(L6:L9,"v")<=3),1,0))) -> 2 | AG6: =IF(AND(M6="",M7="",M8="",M9=""),"",IF(COUNTIF(M6:M9,"v")>=3,2,IF(AND(COUNTIF(M6:M9,"v")>=1,COUNTIF(M6:M9,"v")<=3),1,0))) -> 2 | AH6: =IF(AND(N6="",N7="",N8="",N9=""),"",IF(COUNTIF(N6:N9,"v")>=3,2,IF(AND(COUNTIF(N6:N9,"v")>=1,COUNTIF(N6:N9,"v")<=3),1,0))) | AI6: =IF(AND(O6="",O7="",O8="",O9=""),"",IF(COUNTIF(O6:O9,"v")>=3,2,IF(AND(COUNTIF(O6:O9,"v")>=1,COUNTIF(O6:O9,"v")<=3),1,0))) | AJ6: =IF(AND(P6="",P7="",P8="",P9=""),"",IF(COUNTIF(P6:P9,"v")>=3,2,IF(AND(COUNTIF(P6:P9,"v")>=1,COUNTIF(P6:P9,"v")<=3),1,0))) | ... AV6: =IF(AND(AB6="",AB7="",AB8="",AB9=""),"",IF(COUNTIF(AB6:AB9,"v")>=3,2,IF(AND(COUNTIF(AB6:AB9,"v")>=1,COUNTIF(AB6:AB9,"v")<=3),1,0))) | AW6: =IF(AC6="","",IF(AC6=0,"Ditolak",IF(AC6=1,"Diperbaiki","Digunakan"))) -> Digunakan | AX6: =IF(AD6="","",IF(AD6=0,"Ditolak",IF(AND(AD6>=1,AD6<4),"Diperbaiki","Digunakan"))) -> Diperbaiki | AY6: =IF(AE6="","",IF(AE6=0,"Ditolak",IF(AND(AE6>=1,AE6<4),"Diperbaiki","Digunakan"))) -> Diperbaiki | AZ6: =IF(AF6="","",IF(AF6=0,"Ditolak",IF(AND(AF6>=1,AF6<4),"Diperbaiki","Digunakan"))) -> Diperbaiki | BA6: =IF(AG6="","",IF(AG6=0,"Ditolak",IF(AND(AG6>=1,AG6<4),"Diperbaiki","Digunakan"))) -> Diperbaiki | BB6: =IF(AH6="","",IF(AH6=0,"Ditolak",IF(AND(AH6>=1,AH6<4),"Diperbaiki","Digunakan"))) | BC6: =IF(AI6="","",IF(AI6=0,"Ditolak",IF(AND(AI6>=1,AI6<4),"Diperbaiki","Digunakan"))) | BD6: =IF(AJ6="","",IF(AJ6=0,"Ditolak",IF(AND(AJ6>=1,AJ6<4),"Diperbaiki","Digunakan"))) | BE6: =IF(AK6="","",IF(AK6=0,"Ditolak",IF(AND(AK6>=1,AK6<4),"Diperbaiki","Digunakan"))) | ... BP6: =IF(AV6="","",IF(AV6=0,"Ditolak",IF(AND(AV6>=1,AV6<4),"Diperbaiki","Digunakan"))) | BQ6: =IF(COUNTIF(AW6:AW14,"Diperbaiki")>=1,"hal-hal penting","") | BR6: =IF(COUNTIF(AX6:AX14,"Diperbaiki")>=1,"hal-hal penting","") -> hal-hal penting | BS6: =IF(COUNTIF(AY6:AY14,"Diperbaiki")>=1,"hal-hal penting","") -> hal-hal penting | BT6: =IF(COUNTIF(AZ6:AZ14,"Diperbaiki")>=1,"hal-hal penting","") -> hal-hal penting | BU6: =IF(COUNTIF(BA6:BA14,"Diperbaiki")>=1,"hal-hal penting","") -> hal-hal penting | BV6: =IF(COUNTIF(BB6:BB14,"Diperbaiki")>=1,"hal-hal penting","") | BW6: =IF(COUNTIF(BC6:BC14,"Diperbaiki")>=1,"hal-hal penting","") | BX6: =IF(COUNTIF(BD6:BD14,"Diperbaiki")>=1,"hal-hal penting","") | ... CJ6: =IF(COUNTIF(BP6:BP14,"Diperbaiki")>=1,"hal-hal penting","") | CK6: =IF(BQ6="","",",") | CL6: =IF(BR6="","",",") -> , | CM6: =IF(BS6="","",",") -> , | CN6: =IF(BT6="","",",") -> , | CO6: =IF(BU6="","",",") -> , | CP6: =IF(BV6="","",",") | CQ6: =IF(BW6="","",",") | CR6: =IF(BX6="","",",") | ... DD6: =IF(CJ6="","",",") | DE6: =CONCATENATE(BQ6,CK6," ",BQ15,CK15," ",BQ23,CK23," ",BQ31,CK31," ",BQ43) -> HOTS | DF6: =CONCATENATE(BR6,CL6," ",BR15,CL15," ",BR23,CL23," ",BR31,CL31," ",BR43) -> hal-hal penting, HOTS | DG6: =CONCATENATE(BS6,CM6," ",BS15,CM15," ",BS23,CM23," ",BS31,CM31," ",BS43) -> hal-hal penting, HOTS | DH6: =CONCATENATE(BT6,CN6," ",BT15,CN15," ",BT23,CN23," ",BT31,CN31," ",BT43) -> hal-hal penting, HOTS | DI6: =CONCATENATE(BU6,CO6," ",BU15,CO15," ",BU23,CO23," ",BU31,CO31," ",BU43) -> hal-hal penting, HOTS | DJ6: =CONCATENATE(BV6,CP6," ",BV15,CP15," ",BV23,CP23," ",BV31,CP31," ",BV43) | DK6: =CONCATENATE(BW6,CQ6," ",BW15,CQ15," ",BW23,CQ23," ",BW31,CQ31," ",BW43) | DL6: =CONCATENATE(BX6,CR6," ",BX15,CR15," ",BX23,CR23," ",BX31,CR31," ",BX43) | ... DX6: =CONCATENATE(CJ6,DD6," ",CJ15,DD15," ",CJ23,DD23," ",CJ31,DD31," ",CJ43) | DY6: =IF(DE6="",CONCATENATE("Soal No."," ",DY5," ","dapat digunakan"),CONCATENATE("Soal No."," ",DY5," ","perlu perbaikan pada aspek"," ",DE6)) -> Soal No. 1 perlu perbaikan pada aspek HOTS | DZ6: =IF(DF6="",CONCATENATE("Soal No."," ",DZ5," ","dapat digunakan"),CONCATENATE("Soal No."," ",DZ5," ","perlu perbaikan pada aspek"," ",DF6)) -> Soal No. 2 perlu perbaikan pada aspek hal-hal penting, HOTS | EA6: =IF(DG6="",CONCATENATE("Soal No."," ",EA5," ","dapat digunakan"),CONCATENATE("Soal No."," ",EA5," ","perlu perbaikan pada aspek"," ",DG6)) -> Soal No. 3 perlu perbaikan pada aspek hal-hal penting, HOTS | EB6: =IF(DH6="",CONCATENATE("Soal No."," ",EB5," ","dapat digunakan"),CONCATENATE("Soal No."," ",EB5," ","perlu perbaikan pada aspek"," ",DH6)) -> Soal No. 4 perlu perbaikan pada aspek hal-hal penting, HOTS | EC6: =IF(DI6="",CONCATENATE("Soal No."," ",EC5," ","dapat digunakan"),CONCATENATE("Soal No."," ",EC5," ","perlu perbaikan pada aspek"," ",DI6)) -> Soal No. 5 perlu perbaikan pada aspek hal-hal penting, HOTS | ED6: =IF(DJ6="",CONCATENATE("Soal No."," ",ED5," ","dapat digunakan"),CONCATENATE("Soal No."," ",ED5," ","perlu perbaikan pada aspek"," ",DJ6)) -> Soal No. 6 perlu perbaikan pada aspek | EE6: =IF(DK6="",CONCATENATE("Soal No."," ",EE5," ","dapat digunakan"),CONCATENATE("Soal No."," ",EE5," ","perlu perbaikan pada aspek"," ",DK6)) -> Soal No. 7 perlu perbaikan pada aspek | EF6: =IF(DL6="",CONCATENATE("Soal No."," ",EF5," ","dapat digunakan"),CONCATENATE("Soal No."," ",EF5," ","perlu perbaikan pada aspek"," ",DL6)) -> Soal No. 8 perlu perbaikan pada aspek | ... ER6: =IF(DX6="",CONCATENATE("Soal No."," ",ER5," ","dapat digunakan"),CONCATENATE("Soal No."," ",ER5," ","perlu perbaikan pada aspek"," ",DX6)) -> Soal No. 20 perlu perbaikan pada aspek
G7: ● | H7: tidak menyinggung agama | I7: v | J7: v | K7: v | L7: v | M7: v
G8: ● | H8: tidak menyinggung ras | I8: v | J8: v | K8: v | L8: v | M8: v | AC8: =IF(AND(I8="",I9=""),"",COUNTIF(I8:I9,"v")) -> 2 | AD8: =IF(AND(J8="",J9=""),"",COUNTIF(J8:J9,"v")) -> 2 | AE8: =IF(AND(K8="",K9=""),"",COUNTIF(K8:K9,"v")) -> 2 | AF8: =IF(AND(L8="",L9=""),"",COUNTIF(L8:L9,"v")) -> 2 | AG8: =IF(AND(M8="",M9=""),"",COUNTIF(M8:M9,"v")) -> 2 | AH8: =IF(AND(N8="",N9=""),"",COUNTIF(N8:N9,"v")) | AI8: =IF(AND(O8="",O9=""),"",COUNTIF(O8:O9,"v")) | AJ8: =IF(AND(P8="",P9=""),"",COUNTIF(P8:P9,"v")) | ... AV8: =IF(AND(AB8="",AB9=""),"",COUNTIF(AB8:AB9,"v"))
G9: ● | H9: tidak menyinggung antar golongan | I9: v | J9: v | K9: v | L9: v | M9: v
C10: B. | D10: Soal tidak bermuatan politik, pornografi, promosi produk komersil (iklan), kekerasan, dan bentuk lainnya yang dapat menimbulkan efek negatif | G10: ● | H10: tidak bermuatan politik | I10: v | J10: v | K10: v | L10: v | M10: v | AC10: =IF(AND(I10="",I11="",I12="",I13="",I14=""),"",IF(COUNTIF(I10:I14,"v")>=3,2,IF(AND(COUNTIF(I10:I14,"v")>=1,COUNTIF(I10:I14,"v")<=3),1,0))) -> 2 | AD10: =IF(AND(J10="",J11="",J12="",J13="",J14=""),"",IF(COUNTIF(J10:J14,"v")>=3,2,IF(AND(COUNTIF(J10:J14,"v")>=1,COUNTIF(J10:J14,"v")<=3),1,0))) -> 2 | AE10: =IF(AND(K10="",K11="",K12="",K13="",K14=""),"",IF(COUNTIF(K10:K14,"v")>=3,2,IF(AND(COUNTIF(K10:K14,"v")>=1,COUNTIF(K10:K14,"v")<=3),1,0))) -> 2 | AF10: =IF(AND(L10="",L11="",L12="",L13="",L14=""),"",IF(COUNTIF(L10:L14,"v")>=3,2,IF(AND(COUNTIF(L10:L14,"v")>=1,COUNTIF(L10:L14,"v")<=3),1,0))) -> 2 | AG10: =IF(AND(M10="",M11="",M12="",M13="",M14=""),"",IF(COUNTIF(M10:M14,"v")>=3,2,IF(AND(COUNTIF(M10:M14,"v")>=1,COUNTIF(M10:M14,"v")<=3),1,0))) -> 2 | AH10: =IF(AND(N10="",N11="",N12="",N13="",N14=""),"",IF(COUNTIF(N10:N14,"v")>=3,2,IF(AND(COUNTIF(N10:N14,"v")>=1,COUNTIF(N10:N14,"v")<=3),1,0))) | AI10: =IF(AND(O10="",O11="",O12="",O13="",O14=""),"",IF(COUNTIF(O10:O14,"v")>=3,2,IF(AND(COUNTIF(O10:O14,"v")>=1,COUNTIF(O10:O14,"v")<=3),1,0))) | AJ10: =IF(AND(P10="",P11="",P12="",P13="",P14=""),"",IF(COUNTIF(P10:P14,"v")>=3,2,IF(AND(COUNTIF(P10:P14,"v")>=1,COUNTIF(P10:P14,"v")<=3),1,0))) | ... AV10: =IF(AND(AB10="",AB11="",AB12="",AB13="",AB14=""),"",IF(COUNTIF(AB10:AB14,"v")>=3,2,IF(AND(COUNTIF(AB10:AB14,"v")>=1,COUNTIF(AB10:AB14,"v")<=3),1,0))) | AW10: =IF(AC10="","",IF(AC10=0,"Ditolak",IF(AC10=1,"Diperbaiki","Digunakan"))) -> Digunakan | AX10: =IF(AD10="","",IF(AD10=0,"Ditolak",IF(AND(AD10>=1,AD10<4),"Diperbaiki","Digunakan"))) -> Diperbaiki | AY10: =IF(AE10="","",IF(AE10=0,"Ditolak",IF(AND(AE10>=1,AE10<4),"Diperbaiki","Digunakan"))) -> Diperbaiki | AZ10: =IF(AF10="","",IF(AF10=0,"Ditolak",IF(AND(AF10>=1,AF10<4),"Diperbaiki","Digunakan"))) -> Diperbaiki | BA10: =IF(AG10="","",IF(AG10=0,"Ditolak",IF(AND(AG10>=1,AG10<4),"Diperbaiki","Digunakan"))) -> Diperbaiki | BB10: =IF(AH10="","",IF(AH10=0,"Ditolak",IF(AND(AH10>=1,AH10<4),"Diperbaiki","Digunakan"))) | BC10: =IF(AI10="","",IF(AI10=0,"Ditolak",IF(AND(AI10>=1,AI10<4),"Diperbaiki","Digunakan"))) | BD10: =IF(AJ10="","",IF(AJ10=0,"Ditolak",IF(AND(AJ10>=1,AJ10<4),"Diperbaiki","Digunakan"))) | BE10: =IF(AK10="","",IF(AK10=0,"Ditolak",IF(AND(AK10>=1,AK10<4),"Diperbaiki","Digunakan"))) | ... BP10: =IF(AV10="","",IF(AV10=0,"Ditolak",IF(AND(AV10>=1,AV10<4),"Diperbaiki","Digunakan")))
G11: ● | H11: tidak bermuatan pornografi | I11: v | J11: v | K11: v | L11: v | M11: v
G12: ● | H12: tidak bermuatan promosi | I12: v | J12: v | K12: v | L12: v | M12: v
G13: ● | H13: tidak bermuatan kekerasan | I13: v | J13: v | K13: v | L13: v | M13: v
G14: ● | H14: tidak menimbulkann efek negatif lainnya | I14: v | J14: v | K14: v | L14: v | M14: v
A15: II. | B15: KAIDAH PENULISAN SOAL | C15: A. | D15: MATERI | E15: 1 | F15: Soal sesuai dengan indikator. | G15: ● | H15: sesuai kisi-kisi soal yang ditetapkan | I15: v | J15: v | K15: v | L15: v | M15: v | AC15: =IF(AND(I15="",I16=""),"",COUNTIF(I15:I16,"v")) -> 2 | AD15: =IF(AND(J15="",J16=""),"",COUNTIF(J15:J16,"v")) -> 2 | AE15: =IF(AND(K15="",K16=""),"",COUNTIF(K15:K16,"v")) -> 2 | AF15: =IF(AND(L15="",L16=""),"",COUNTIF(L15:L16,"v")) -> 2 | AG15: =IF(AND(M15="",M16=""),"",COUNTIF(M15:M16,"v")) -> 2 | AH15: =IF(AND(N15="",N16=""),"",COUNTIF(N15:N16,"v")) | AI15: =IF(AND(O15="",O16=""),"",COUNTIF(O15:O16,"v")) | AJ15: =IF(AND(P15="",P16=""),"",COUNTIF(P15:P16,"v")) | ... AV15: =IF(AND(AB15="",AB16=""),"",COUNTIF(AB15:AB16,"v")) | AW15: =IF(AC15="","",IF(AC15=0,"Ditolak",IF(AC15=1,"Diperbaiki","Digunakan"))) -> Digunakan | AX15: =IF(AD15="","",IF(AD15=0,"Ditolak",IF(AND(AD15>=1,AD15<2),"Diperbaiki","Digunakan"))) -> Digunakan | AY15: =IF(AE15="","",IF(AE15=0,"Ditolak",IF(AND(AE15>=1,AE15<2),"Diperbaiki","Digunakan"))) -> Digunakan | AZ15: =IF(AF15="","",IF(AF15=0,"Ditolak",IF(AND(AF15>=1,AF15<2),"Diperbaiki","Digunakan"))) -> Digunakan | BA15: =IF(AG15="","",IF(AG15=0,"Ditolak",IF(AND(AG15>=1,AG15<2),"Diperbaiki","Digunakan"))) -> Digunakan | BB15: =IF(AH15="","",IF(AH15=0,"Ditolak",IF(AND(AH15>=1,AH15<2),"Diperbaiki","Digunakan"))) | BC15: =IF(AI15="","",IF(AI15=0,"Ditolak",IF(AND(AI15>=1,AI15<2),"Diperbaiki","Digunakan"))) | BD15: =IF(AJ15="","",IF(AJ15=0,"Ditolak",IF(AND(AJ15>=1,AJ15<2),"Diperbaiki","Digunakan"))) | BE15: =IF(AK15="","",IF(AK15=0,"Ditolak",IF(AND(AK15>=1,AK15<2),"Diperbaiki","Digunakan"))) | ... BP15: =IF(AV15="","",IF(AV15=0,"Ditolak",IF(AND(AV15>=1,AV15<2),"Diperbaiki","Digunakan"))) | BQ15: =IF(COUNTIF(AW15:AW22,"Diperbaiki")>=1,"materi","") | BR15: =IF(COUNTIF(AX15:AX22,"Diperbaiki")>=1,"materi","") | BS15: =IF(COUNTIF(AY15:AY22,"Diperbaiki")>=1,"materi","") | BT15: =IF(COUNTIF(AZ15:AZ22,"Diperbaiki")>=1,"materi","") | BU15: =IF(COUNTIF(BA15:BA22,"Diperbaiki")>=1,"materi","") | BV15: =IF(COUNTIF(BB15:BB22,"Diperbaiki")>=1,"materi","") | BW15: =IF(COUNTIF(BC15:BC22,"Diperbaiki")>=1,"materi","") | BX15: =IF(COUNTIF(BD15:BD22,"Diperbaiki")>=1,"materi","") | ... CJ15: =IF(COUNTIF(BP15:BP22,"Diperbaiki")>=1,"materi","") | CK15: =IF(BQ15="","",",") | CL15: =IF(BR15="","",",") | CM15: =IF(BS15="","",",") | CN15: =IF(BT15="","",",") | CO15: =IF(BU15="","",",") | CP15: =IF(BV15="","",",") | CQ15: =IF(BW15="","",",") | CR15: =IF(BX15="","",",") | ... DD15: =IF(CJ15="","",",")
G16: ● | H16: menanyakan perilaku dan materi yang akan diukur | I16: v | J16: v | K16: v | L16: v | M16: v
E17: 2 | F17: Batasan pertanyaan dan jawaban yang diharapkan jelas | G17: ● | H17: ruang lingkup pertanyaan jelas | I17: v | J17: v | K17: v | L17: v | M17: v | AC17: =IF(AND(I17="",I18=""),"",COUNTIF(I17:I18,"v")) -> 2 | AD17: =IF(AND(J17="",J18=""),"",COUNTIF(J17:J18,"v")) -> 2 | AE17: =IF(AND(K17="",K18=""),"",COUNTIF(K17:K18,"v")) -> 2 | AF17: =IF(AND(L17="",L18=""),"",COUNTIF(L17:L18,"v")) -> 2 | AG17: =IF(AND(M17="",M18=""),"",COUNTIF(M17:M18,"v")) -> 2 | AH17: =IF(AND(N17="",N18=""),"",COUNTIF(N17:N18,"v")) | AI17: =IF(AND(O17="",O18=""),"",COUNTIF(O17:O18,"v")) | AJ17: =IF(AND(P17="",P18=""),"",COUNTIF(P17:P18,"v")) | ... AV17: =IF(AND(AB17="",AB18=""),"",COUNTIF(AB17:AB18,"v")) | AW17: =IF(AC17="","",IF(AC17=0,"Ditolak",IF(AC17=1,"Diperbaiki","Digunakan"))) -> Digunakan | AX17: =IF(AD17="","",IF(AD17=0,"Ditolak",IF(AND(AD17>=1,AD17<2),"Diperbaiki","Digunakan"))) -> Digunakan | AY17: =IF(AE17="","",IF(AE17=0,"Ditolak",IF(AND(AE17>=1,AE17<2),"Diperbaiki","Digunakan"))) -> Digunakan | AZ17: =IF(AF17="","",IF(AF17=0,"Ditolak",IF(AND(AF17>=1,AF17<2),"Diperbaiki","Digunakan"))) -> Digunakan | BA17: =IF(AG17="","",IF(AG17=0,"Ditolak",IF(AND(AG17>=1,AG17<2),"Diperbaiki","Digunakan"))) -> Digunakan | BB17: =IF(AH17="","",IF(AH17=0,"Ditolak",IF(AND(AH17>=1,AH17<2),"Diperbaiki","Digunakan"))) | BC17: =IF(AI17="","",IF(AI17=0,"Ditolak",IF(AND(AI17>=1,AI17<2),"Diperbaiki","Digunakan"))) | BD17: =IF(AJ17="","",IF(AJ17=0,"Ditolak",IF(AND(AJ17>=1,AJ17<2),"Diperbaiki","Digunakan"))) | BE17: =IF(AK17="","",IF(AK17=0,"Ditolak",IF(AND(AK17>=1,AK17<2),"Diperbaiki","Digunakan"))) | ... BP17: =IF(AV17="","",IF(AV17=0,"Ditolak",IF(AND(AV17>=1,AV17<2),"Diperbaiki","Digunakan")))
G18: ● | H18: ruang lingkup jawaban jelas | I18: v | J18: v | K18: v | L18: v | M18: v
E19: 3 | F19: Isi materi sesuai dengan tujuan pengukuran | G19: ● | H19: menanyakan kompetensi sesuai mata pelajaran | I19: v | J19: v | K19: v | L19: v | M19: v | AC19: =IF(AND(I19="",I20=""),"",COUNTIF(I19:I20,"v")) -> 2 | AD19: =IF(AND(J19="",J20=""),"",COUNTIF(J19:J20,"v")) -> 2 | AE19: =IF(AND(K19="",K20=""),"",COUNTIF(K19:K20,"v")) -> 2 | AF19: =IF(AND(L19="",L20=""),"",COUNTIF(L19:L20,"v")) -> 2 | AG19: =IF(AND(M19="",M20=""),"",COUNTIF(M19:M20,"v")) -> 2 | AH19: =IF(AND(N19="",N20=""),"",COUNTIF(N19:N20,"v")) | AI19: =IF(AND(O19="",O20=""),"",COUNTIF(O19:O20,"v")) | AJ19: =IF(AND(P19="",P20=""),"",COUNTIF(P19:P20,"v")) | ... AV19: =IF(AND(AB19="",AB20=""),"",COUNTIF(AB19:AB20,"v")) | AW19: =IF(AC19="","",IF(AC19=0,"Ditolak",IF(AC19=1,"Diperbaiki","Digunakan"))) -> Digunakan | AX19: =IF(AD19="","",IF(AD19=0,"Ditolak",IF(AND(AD19>=1,AD19<2),"Diperbaiki","Digunakan"))) -> Digunakan | AY19: =IF(AE19="","",IF(AE19=0,"Ditolak",IF(AND(AE19>=1,AE19<2),"Diperbaiki","Digunakan"))) -> Digunakan | AZ19: =IF(AF19="","",IF(AF19=0,"Ditolak",IF(AND(AF19>=1,AF19<2),"Diperbaiki","Digunakan"))) -> Digunakan | BA19: =IF(AG19="","",IF(AG19=0,"Ditolak",IF(AND(AG19>=1,AG19<2),"Diperbaiki","Digunakan"))) -> Digunakan | BB19: =IF(AH19="","",IF(AH19=0,"Ditolak",IF(AND(AH19>=1,AH19<2),"Diperbaiki","Digunakan"))) | BC19: =IF(AI19="","",IF(AI19=0,"Ditolak",IF(AND(AI19>=1,AI19<2),"Diperbaiki","Digunakan"))) | BD19: =IF(AJ19="","",IF(AJ19=0,"Ditolak",IF(AND(AJ19>=1,AJ19<2),"Diperbaiki","Digunakan"))) | BE19: =IF(AK19="","",IF(AK19=0,"Ditolak",IF(AND(AK19>=1,AK19<2),"Diperbaiki","Digunakan"))) | ... BP19: =IF(AV19="","",IF(AV19=0,"Ditolak",IF(AND(AV19>=1,AV19<2),"Diperbaiki","Digunakan")))
G20: ● | H20: materi sesuai tujuan pengukuran | I20: v | J20: v | K20: v | L20: v | M20: v
E21: 4 | F21: Isi materi yang ditanyakan sudah sesuai dengan jenjang dan tingkat kelas | G21: ● | H21: mengukur tingkat kompetensi sesuai jenjang sekolah | I21: v | J21: v | K21: v | L21: v | M21: v | AC21: =IF(AND(I21="",I22=""),"",COUNTIF(I21:I22,"v")) -> 2 | AD21: =IF(AND(J21="",J22=""),"",COUNTIF(J21:J22,"v")) -> 2 | AE21: =IF(AND(K21="",K22=""),"",COUNTIF(K21:K22,"v")) -> 2 | AF21: =IF(AND(L21="",L22=""),"",COUNTIF(L21:L22,"v")) -> 2 | AG21: =IF(AND(M21="",M22=""),"",COUNTIF(M21:M22,"v")) -> 2 | AH21: =IF(AND(N21="",N22=""),"",COUNTIF(N21:N22,"v")) | AI21: =IF(AND(O21="",O22=""),"",COUNTIF(O21:O22,"v")) | AJ21: =IF(AND(P21="",P22=""),"",COUNTIF(P21:P22,"v")) | ... AV21: =IF(AND(AB21="",AB22=""),"",COUNTIF(AB21:AB22,"v")) | AW21: =IF(AC21="","",IF(AC21=0,"Ditolak",IF(AC21=1,"Diperbaiki","Digunakan"))) -> Digunakan | AX21: =IF(AD21="","",IF(AD21=0,"Ditolak",IF(AD21=1,"Diperbaiki","Digunakan"))) -> Digunakan | AY21: =IF(AE21="","",IF(AE21=0,"Ditolak",IF(AE21=1,"Diperbaiki","Digunakan"))) -> Digunakan | AZ21: =IF(AF21="","",IF(AF21=0,"Ditolak",IF(AF21=1,"Diperbaiki","Digunakan"))) -> Digunakan | BA21: =IF(AG21="","",IF(AG21=0,"Ditolak",IF(AG21=1,"Diperbaiki","Digunakan"))) -> Digunakan | BB21: =IF(AH21="","",IF(AH21=0,"Ditolak",IF(AH21=1,"Diperbaiki","Digunakan"))) | BC21: =IF(AI21="","",IF(AI21=0,"Ditolak",IF(AI21=1,"Diperbaiki","Digunakan"))) | BD21: =IF(AJ21="","",IF(AJ21=0,"Ditolak",IF(AJ21=1,"Diperbaiki","Digunakan"))) | ... BP21: =IF(AV21="","",IF(AV21=0,"Ditolak",IF(AV21=1,"Diperbaiki","Digunakan")))
G22: ● | H22: mengukur tingkat kompetensi sesuai tingkat kelas | I22: v | J22: v | K22: v | L22: v | M22: v
C23: B. | D23: KONSTRUKSI | E23: 1 | F23: Rumusan pertanyaan menggunakan kata-kata tanya yang menuntut jawaban terurai | G23: ● | H23: menggunakan kata tanya: mengapa, uraikan, jelaskan, bandingkan, hubungkan, tafsirkan, buktikan, hitunglah | I23: v | J23: v | K23: v | L23: v | M23: v | AC23: =IF(AND(I23="",I24=""),"",COUNTIF(I23:I24,"v")) -> 2 | AD23: =IF(AND(J23="",J24=""),"",COUNTIF(J23:J24,"v")) -> 2 | AE23: =IF(AND(K23="",K24=""),"",COUNTIF(K23:K24,"v")) -> 2 | AF23: =IF(AND(L23="",L24=""),"",COUNTIF(L23:L24,"v")) -> 2 | AG23: =IF(AND(M23="",M24=""),"",COUNTIF(M23:M24,"v")) -> 2 | AH23: =IF(AND(N23="",N24=""),"",COUNTIF(N23:N24,"v")) | AI23: =IF(AND(O23="",O24=""),"",COUNTIF(O23:O24,"v")) | AJ23: =IF(AND(P23="",P24=""),"",COUNTIF(P23:P24,"v")) | ... AV23: =IF(AND(AB23="",AB24=""),"",COUNTIF(AB23:AB24,"v")) | AW23: =IF(AC23="","",IF(AC23=0,"Ditolak",IF(AC23=1,"Diperbaiki","Digunakan"))) -> Digunakan | AX23: =IF(AD23="","",IF(AD23=0,"Ditolak",IF(AND(AD23>=1,AD23<2),"Diperbaiki","Digunakan"))) -> Digunakan | AY23: =IF(AE23="","",IF(AE23=0,"Ditolak",IF(AND(AE23>=1,AE23<2),"Diperbaiki","Digunakan"))) -> Digunakan | AZ23: =IF(AF23="","",IF(AF23=0,"Ditolak",IF(AND(AF23>=1,AF23<2),"Diperbaiki","Digunakan"))) -> Digunakan | BA23: =IF(AG23="","",IF(AG23=0,"Ditolak",IF(AND(AG23>=1,AG23<2),"Diperbaiki","Digunakan"))) -> Digunakan | BB23: =IF(AH23="","",IF(AH23=0,"Ditolak",IF(AND(AH23>=1,AH23<2),"Diperbaiki","Digunakan"))) | BC23: =IF(AI23="","",IF(AI23=0,"Ditolak",IF(AND(AI23>=1,AI23<2),"Diperbaiki","Digunakan"))) | BD23: =IF(AJ23="","",IF(AJ23=0,"Ditolak",IF(AND(AJ23>=1,AJ23<2),"Diperbaiki","Digunakan"))) | BE23: =IF(AK23="","",IF(AK23=0,"Ditolak",IF(AND(AK23>=1,AK23<2),"Diperbaiki","Digunakan"))) | ... BP23: =IF(AV23="","",IF(AV23=0,"Ditolak",IF(AND(AV23>=1,AV23<2),"Diperbaiki","Digunakan"))) | BQ23: =IF(COUNTIF(AW23:BP30,"Diperbaiki")>=1,"konstruksi","") | BR23: =IF(COUNTIF(AX23:BQ30,"Diperbaiki")>=1,"konstruksi","") | BS23: =IF(COUNTIF(AY23:BR30,"Diperbaiki")>=1,"konstruksi","") | BT23: =IF(COUNTIF(AZ23:BS30,"Diperbaiki")>=1,"konstruksi","") | BU23: =IF(COUNTIF(BA23:BT30,"Diperbaiki")>=1,"konstruksi","") | BV23: =IF(COUNTIF(BB23:BU30,"Diperbaiki")>=1,"konstruksi","") | BW23: =IF(COUNTIF(BC23:BV30,"Diperbaiki")>=1,"konstruksi","") | BX23: =IF(COUNTIF(BD23:BW30,"Diperbaiki")>=1,"konstruksi","") | ... CJ23: =IF(COUNTIF(BP23:CI30,"Diperbaiki")>=1,"konstruksi","") | CK23: =IF(BQ23="","",",") | CL23: =IF(BR23="","",",") | CM23: =IF(BS23="","",",") | CN23: =IF(BT23="","",",") | CO23: =IF(BU23="","",",") | CP23: =IF(BV23="","",",") | CQ23: =IF(BW23="","",",") | CR23: =IF(BX23="","",",") | ... DD23: =IF(CJ23="","",",")
G24: ● | H24: tidak menggunakan kata tanya: siapa, di mana, kapan | I24: v | J24: v | K24: v | L24: v | M24: v
E25: 2 | F25: Buatlah petunjuk yang jelas tentang cara mengerjakan soal | G25: ● | H25: petunjuk mengerjakan soal jelas | I25: v | J25: v | K25: v | L25: v | M25: v | AC25: =IF(AND(I25="",I26=""),"",COUNTIF(I25:I26,"v")) -> 2 | AD25: =IF(AND(J25="",J26=""),"",COUNTIF(J25:J26,"v")) -> 2 | AE25: =IF(AND(K25="",K26=""),"",COUNTIF(K25:K26,"v")) -> 2 | AF25: =IF(AND(L25="",L26=""),"",COUNTIF(L25:L26,"v")) -> 2 | AG25: =IF(AND(M25="",M26=""),"",COUNTIF(M25:M26,"v")) -> 2 | AH25: =IF(AND(N25="",N26=""),"",COUNTIF(N25:N26,"v")) | AI25: =IF(AND(O25="",O26=""),"",COUNTIF(O25:O26,"v")) | AJ25: =IF(AND(P25="",P26=""),"",COUNTIF(P25:P26,"v")) | ... AV25: =IF(AND(AB25="",AB26=""),"",COUNTIF(AB25:AB26,"v")) | AW25: =IF(AC25="","",IF(AC25=0,"Ditolak",IF(AC25=1,"Diperbaiki","Digunakan"))) -> Digunakan | AX25: =IF(AD25="","",IF(AD25=0,"Ditolak",IF(AND(AD25>=1,AD25<2),"Diperbaiki","Digunakan"))) -> Digunakan | AY25: =IF(AE25="","",IF(AE25=0,"Ditolak",IF(AND(AE25>=1,AE25<2),"Diperbaiki","Digunakan"))) -> Digunakan | AZ25: =IF(AF25="","",IF(AF25=0,"Ditolak",IF(AND(AF25>=1,AF25<2),"Diperbaiki","Digunakan"))) -> Digunakan | BA25: =IF(AG25="","",IF(AG25=0,"Ditolak",IF(AND(AG25>=1,AG25<2),"Diperbaiki","Digunakan"))) -> Digunakan | BB25: =IF(AH25="","",IF(AH25=0,"Ditolak",IF(AND(AH25>=1,AH25<2),"Diperbaiki","Digunakan"))) | BC25: =IF(AI25="","",IF(AI25=0,"Ditolak",IF(AND(AI25>=1,AI25<2),"Diperbaiki","Digunakan"))) | BD25: =IF(AJ25="","",IF(AJ25=0,"Ditolak",IF(AND(AJ25>=1,AJ25<2),"Diperbaiki","Digunakan"))) | BE25: =IF(AK25="","",IF(AK25=0,"Ditolak",IF(AND(AK25>=1,AK25<2),"Diperbaiki","Digunakan"))) | ... BP25: =IF(AV25="","",IF(AV25=0,"Ditolak",IF(AND(AV25>=1,AV25<2),"Diperbaiki","Digunakan")))
G26: ● | H26: petunjuk mengerjakan menggunakan tanda seru | I26: v | J26: v | K26: v | L26: v | M26: v
E27: 3 | F27: Buatlah pedoman penskoran segera setelah soal ditulis | G27: ● | H27: memuat cara menguraikan komponen yang akan dinilai atau kriteria penskoran | I27: v | J27: v | K27: v | L27: v | M27: v | AC27: =IF(AND(I27="",I28=""),"",COUNTIF(I27:I28,"v")) -> 2 | AD27: =IF(AND(J27="",J28=""),"",COUNTIF(J27:J28,"v")) -> 2 | AE27: =IF(AND(K27="",K28=""),"",COUNTIF(K27:K28,"v")) -> 2 | AF27: =IF(AND(L27="",L28=""),"",COUNTIF(L27:L28,"v")) -> 2 | AG27: =IF(AND(M27="",M28=""),"",COUNTIF(M27:M28,"v")) -> 2 | AH27: =IF(AND(N27="",N28=""),"",COUNTIF(N27:N28,"v")) | AI27: =IF(AND(O27="",O28=""),"",COUNTIF(O27:O28,"v")) | AJ27: =IF(AND(P27="",P28=""),"",COUNTIF(P27:P28,"v")) | ... AV27: =IF(AND(AB27="",AB28=""),"",COUNTIF(AB27:AB28,"v")) | AW27: =IF(AC27="","",IF(AC27=0,"Ditolak",IF(AC27=1,"Diperbaiki","Digunakan"))) -> Digunakan | AX27: =IF(AD27="","",IF(AD27=0,"Ditolak",IF(AND(AD27>=1,AD27<2),"Diperbaiki","Digunakan"))) -> Digunakan | AY27: =IF(AE27="","",IF(AE27=0,"Ditolak",IF(AND(AE27>=1,AE27<2),"Diperbaiki","Digunakan"))) -> Digunakan | AZ27: =IF(AF27="","",IF(AF27=0,"Ditolak",IF(AND(AF27>=1,AF27<2),"Diperbaiki","Digunakan"))) -> Digunakan | BA27: =IF(AG27="","",IF(AG27=0,"Ditolak",IF(AND(AG27>=1,AG27<2),"Diperbaiki","Digunakan"))) -> Digunakan | BB27: =IF(AH27="","",IF(AH27=0,"Ditolak",IF(AND(AH27>=1,AH27<2),"Diperbaiki","Digunakan"))) | BC27: =IF(AI27="","",IF(AI27=0,"Ditolak",IF(AND(AI27>=1,AI27<2),"Diperbaiki","Digunakan"))) | BD27: =IF(AJ27="","",IF(AJ27=0,"Ditolak",IF(AND(AJ27>=1,AJ27<2),"Diperbaiki","Digunakan"))) | BE27: =IF(AK27="","",IF(AK27=0,"Ditolak",IF(AND(AK27>=1,AK27<2),"Diperbaiki","Digunakan"))) | ... BP27: =IF(AV27="","",IF(AV27=0,"Ditolak",IF(AND(AV27>=1,AV27<2),"Diperbaiki","Digunakan")))
G28: ● | H28: memuat rentang skor yang dapat diperoleh untuk setiap kriteria dalam soal yang bersangkutan. | I28: v | J28: v | K28: v | L28: v | M28: v
E29: 4 | F29: Tabel, gambar, grafik, peta, atau yang sejenisnya harus disajikan dengan jelas, berfungsi, dan terbaca | G29: ● | H29: stimulus diasjikan seara jelas dan terbaca | I29: v | J29: v | K29: v | L29: v | M29: v | AC29: =IF(AND(I29="",I30=""),"",COUNTIF(I29:I30,"v")) -> 2 | AD29: =IF(AND(J29="",J30=""),"",COUNTIF(J29:J30,"v")) -> 2 | AE29: =IF(AND(K29="",K30=""),"",COUNTIF(K29:K30,"v")) -> 2 | AF29: =IF(AND(L29="",L30=""),"",COUNTIF(L29:L30,"v")) -> 2 | AG29: =IF(AND(M29="",M30=""),"",COUNTIF(M29:M30,"v")) -> 2 | AH29: =IF(AND(N29="",N30=""),"",COUNTIF(N29:N30,"v")) | AI29: =IF(AND(O29="",O30=""),"",COUNTIF(O29:O30,"v")) | AJ29: =IF(AND(P29="",P30=""),"",COUNTIF(P29:P30,"v")) | ... AV29: =IF(AND(AB29="",AB30=""),"",COUNTIF(AB29:AB30,"v")) | AW29: =IF(AC29="","",IF(AC29=0,"Ditolak",IF(AC29=1,"Diperbaiki","Digunakan"))) -> Digunakan | AX29: =IF(AD29="","",IF(AD29=0,"Ditolak",IF(AND(AD29>=1,AD29<2),"Diperbaiki","Digunakan"))) -> Digunakan | AY29: =IF(AE29="","",IF(AE29=0,"Ditolak",IF(AND(AE29>=1,AE29<2),"Diperbaiki","Digunakan"))) -> Digunakan | AZ29: =IF(AF29="","",IF(AF29=0,"Ditolak",IF(AND(AF29>=1,AF29<2),"Diperbaiki","Digunakan"))) -> Digunakan | BA29: =IF(AG29="","",IF(AG29=0,"Ditolak",IF(AND(AG29>=1,AG29<2),"Diperbaiki","Digunakan"))) -> Digunakan | BB29: =IF(AH29="","",IF(AH29=0,"Ditolak",IF(AND(AH29>=1,AH29<2),"Diperbaiki","Digunakan"))) | BC29: =IF(AI29="","",IF(AI29=0,"Ditolak",IF(AND(AI29>=1,AI29<2),"Diperbaiki","Digunakan"))) | BD29: =IF(AJ29="","",IF(AJ29=0,"Ditolak",IF(AND(AJ29>=1,AJ29<2),"Diperbaiki","Digunakan"))) | BE29: =IF(AK29="","",IF(AK29=0,"Ditolak",IF(AND(AK29>=1,AK29<2),"Diperbaiki","Digunakan"))) | ... BP29: =IF(AV29="","",IF(AV29=0,"Ditolak",IF(AND(AV29>=1,AV29<2),"Diperbaiki","Digunakan")))
G30: ● | H30: stimulus disajikan secara berfungsi | I30: v | J30: v | K30: v | L30: v | M30: v
C31: C. | D31: BAHASA | E31: 1 | F31: Soal menggunakan bahasa yang sederhana dan komunikatif | G31: ● | H31: memuat kalimat dan kata-kata yang sederhana | I31: v | J31: v | K31: v | L31: v | M31: v | AC31: =IF(AND(I31="",I32=""),"",COUNTIF(I31:I32,"v")) -> 2 | AD31: =IF(AND(J31="",J32=""),"",COUNTIF(J31:J32,"v")) -> 2 | AE31: =IF(AND(K31="",K32=""),"",COUNTIF(K31:K32,"v")) -> 2 | AF31: =IF(AND(L31="",L32=""),"",COUNTIF(L31:L32,"v")) -> 2 | AG31: =IF(AND(M31="",M32=""),"",COUNTIF(M31:M32,"v")) -> 2 | AH31: =IF(AND(N31="",N32=""),"",COUNTIF(N31:N32,"v")) | AI31: =IF(AND(O31="",O32=""),"",COUNTIF(O31:O32,"v")) | AJ31: =IF(AND(P31="",P32=""),"",COUNTIF(P31:P32,"v")) | ... AV31: =IF(AND(AB31="",AB32=""),"",COUNTIF(AB31:AB32,"v")) | AW31: =IF(AC31="","",IF(AC31=0,"Ditolak",IF(AC31=1,"Diperbaiki","Digunakan"))) -> Digunakan | AX31: =IF(AD31="","",IF(AD31=0,"Ditolak",IF(AND(AD31>=1,AD31<2),"Diperbaiki","Digunakan"))) -> Digunakan | AY31: =IF(AE31="","",IF(AE31=0,"Ditolak",IF(AND(AE31>=1,AE31<2),"Diperbaiki","Digunakan"))) -> Digunakan | AZ31: =IF(AF31="","",IF(AF31=0,"Ditolak",IF(AND(AF31>=1,AF31<2),"Diperbaiki","Digunakan"))) -> Digunakan | BA31: =IF(AG31="","",IF(AG31=0,"Ditolak",IF(AND(AG31>=1,AG31<2),"Diperbaiki","Digunakan"))) -> Digunakan | BB31: =IF(AH31="","",IF(AH31=0,"Ditolak",IF(AND(AH31>=1,AH31<2),"Diperbaiki","Digunakan"))) | BC31: =IF(AI31="","",IF(AI31=0,"Ditolak",IF(AND(AI31>=1,AI31<2),"Diperbaiki","Digunakan"))) | BD31: =IF(AJ31="","",IF(AJ31=0,"Ditolak",IF(AND(AJ31>=1,AJ31<2),"Diperbaiki","Digunakan"))) | BE31: =IF(AK31="","",IF(AK31=0,"Ditolak",IF(AND(AK31>=1,AK31<2),"Diperbaiki","Digunakan"))) | ... BP31: =IF(AV31="","",IF(AV31=0,"Ditolak",IF(AND(AV31>=1,AV31<2),"Diperbaiki","Digunakan"))) | BQ31: =IF(COUNTIF(AW31:AW42,"Diperbaiki")>=1,"bahasa","") | BR31: =IF(COUNTIF(AX31:AX42,"Diperbaiki")>=1,"bahasa","") | BS31: =IF(COUNTIF(AY31:AY42,"Diperbaiki")>=1,"bahasa","") | BT31: =IF(COUNTIF(AZ31:AZ42,"Diperbaiki")>=1,"bahasa","") | BU31: =IF(COUNTIF(BA31:BA42,"Diperbaiki")>=1,"bahasa","") | BV31: =IF(COUNTIF(BB31:BB42,"Diperbaiki")>=1,"bahasa","") | BW31: =IF(COUNTIF(BC31:BC42,"Diperbaiki")>=1,"bahasa","") | BX31: =IF(COUNTIF(BD31:BD42,"Diperbaiki")>=1,"bahasa","") | ... CJ31: =IF(COUNTIF(BP31:BP42,"Diperbaiki")>=1,"bahasa","") | CK31: =IF(BQ31="","",",") | CL31: =IF(BR31="","",",") | CM31: =IF(BS31="","",",") | CN31: =IF(BT31="","",",") | CO31: =IF(BU31="","",",") | CP31: =IF(BV31="","",",") | CQ31: =IF(BW31="","",",") | CR31: =IF(BX31="","",",") | ... DD31: =IF(CJ31="","",",")
G32: ● | H32: memuat kalimat dan kata-kata yang mudah dipahami | I32: v | J32: v | K32: v | L32: v | M32: v
E33: 2 | F33: Soal tidak menyinggung perasaan peserta didik atau kelompok tertentu | G33: ● | H33: tidak memuat kata-kata yang menghina | I33: v | J33: v | K33: v | L33: v | M33: v | AC33: =IF(AND(I33="",I34=""),"",COUNTIF(I33:I34,"v")) -> 2 | AD33: =IF(AND(J33="",J34=""),"",COUNTIF(J33:J34,"v")) -> 2 | AE33: =IF(AND(K33="",K34=""),"",COUNTIF(K33:K34,"v")) -> 2 | AF33: =IF(AND(L33="",L34=""),"",COUNTIF(L33:L34,"v")) -> 2 | AG33: =IF(AND(M33="",M34=""),"",COUNTIF(M33:M34,"v")) -> 2 | AH33: =IF(AND(N33="",N34=""),"",COUNTIF(N33:N34,"v")) | AI33: =IF(AND(O33="",O34=""),"",COUNTIF(O33:O34,"v")) | AJ33: =IF(AND(P33="",P34=""),"",COUNTIF(P33:P34,"v")) | ... AV33: =IF(AND(AB33="",AB34=""),"",COUNTIF(AB33:AB34,"v")) | AW33: =IF(AC33="","",IF(AC33=0,"Ditolak",IF(AC33=1,"Diperbaiki","Digunakan"))) -> Digunakan | AX33: =IF(AD33="","",IF(AD33=0,"Ditolak",IF(AND(AD33>=1,AD33<2),"Diperbaiki","Digunakan"))) -> Digunakan | AY33: =IF(AE33="","",IF(AE33=0,"Ditolak",IF(AND(AE33>=1,AE33<2),"Diperbaiki","Digunakan"))) -> Digunakan | AZ33: =IF(AF33="","",IF(AF33=0,"Ditolak",IF(AND(AF33>=1,AF33<2),"Diperbaiki","Digunakan"))) -> Digunakan | BA33: =IF(AG33="","",IF(AG33=0,"Ditolak",IF(AND(AG33>=1,AG33<2),"Diperbaiki","Digunakan"))) -> Digunakan | BB33: =IF(AH33="","",IF(AH33=0,"Ditolak",IF(AND(AH33>=1,AH33<2),"Diperbaiki","Digunakan"))) | BC33: =IF(AI33="","",IF(AI33=0,"Ditolak",IF(AND(AI33>=1,AI33<2),"Diperbaiki","Digunakan"))) | BD33: =IF(AJ33="","",IF(AJ33=0,"Ditolak",IF(AND(AJ33>=1,AJ33<2),"Diperbaiki","Digunakan"))) | BE33: =IF(AK33="","",IF(AK33=0,"Ditolak",IF(AND(AK33>=1,AK33<2),"Diperbaiki","Digunakan"))) | ... BP33: =IF(AV33="","",IF(AV33=0,"Ditolak",IF(AND(AV33>=1,AV33<2),"Diperbaiki","Digunakan")))
G34: ● | H34: tidak memuat kata-kata yang diskriminatif | I34: v | J34: v | K34: v | L34: v | M34: v
E35: 3 | F35: Soal tidak menggunakan kata-kata yang menimbulkan penafsiran ganda | G35: ● | H35: tidak memuat kata-kata yang menjebak | I35: v | J35: v | K35: v | L35: v | M35: v | AC35: =IF(AND(I35="",I36=""),"",COUNTIF(I35:I36,"v")) -> 2 | AD35: =IF(AND(J35="",J36=""),"",COUNTIF(J35:J36,"v")) -> 2 | AE35: =IF(AND(K35="",K36=""),"",COUNTIF(K35:K36,"v")) -> 2 | AF35: =IF(AND(L35="",L36=""),"",COUNTIF(L35:L36,"v")) -> 2 | AG35: =IF(AND(M35="",M36=""),"",COUNTIF(M35:M36,"v")) -> 2 | AH35: =IF(AND(N35="",N36=""),"",COUNTIF(N35:N36,"v")) | AI35: =IF(AND(O35="",O36=""),"",COUNTIF(O35:O36,"v")) | AJ35: =IF(AND(P35="",P36=""),"",COUNTIF(P35:P36,"v")) | ... AV35: =IF(AND(AB35="",AB36=""),"",COUNTIF(AB35:AB36,"v")) | AW35: =IF(AC35="","",IF(AC35=0,"Ditolak",IF(AC35=1,"Diperbaiki","Digunakan"))) -> Digunakan | AX35: =IF(AD35="","",IF(AD35=0,"Ditolak",IF(AND(AD35>=1,AD35<2),"Diperbaiki","Digunakan"))) -> Digunakan | AY35: =IF(AE35="","",IF(AE35=0,"Ditolak",IF(AND(AE35>=1,AE35<2),"Diperbaiki","Digunakan"))) -> Digunakan | AZ35: =IF(AF35="","",IF(AF35=0,"Ditolak",IF(AND(AF35>=1,AF35<2),"Diperbaiki","Digunakan"))) -> Digunakan | BA35: =IF(AG35="","",IF(AG35=0,"Ditolak",IF(AND(AG35>=1,AG35<2),"Diperbaiki","Digunakan"))) -> Digunakan | BB35: =IF(AH35="","",IF(AH35=0,"Ditolak",IF(AND(AH35>=1,AH35<2),"Diperbaiki","Digunakan"))) | BC35: =IF(AI35="","",IF(AI35=0,"Ditolak",IF(AND(AI35>=1,AI35<2),"Diperbaiki","Digunakan"))) | BD35: =IF(AJ35="","",IF(AJ35=0,"Ditolak",IF(AND(AJ35>=1,AJ35<2),"Diperbaiki","Digunakan"))) | BE35: =IF(AK35="","",IF(AK35=0,"Ditolak",IF(AND(AK35>=1,AK35<2),"Diperbaiki","Digunakan"))) | ... BP35: =IF(AV35="","",IF(AV35=0,"Ditolak",IF(AND(AV35>=1,AV35<2),"Diperbaiki","Digunakan")))
G36: ● | H36: tidak memuat kata-kata yang menimbulkan salah pengertian | I36: v | J36: v | K36: v | L36: v | M36: v
E37: 4 | F37: Soal menggunakan Bahasa Indonesia yang baik dan benar | G37: ● | H37: menggunakan ejaan, kata dan kalimat yang baku | I37: v | J37: v | K37: v | L37: v | M37: v | AC37: =IF(AND(I37="",I38=""),"",COUNTIF(I37:I38,"v")) -> 2 | AD37: =IF(AND(J37="",J38=""),"",COUNTIF(J37:J38,"v")) -> 2 | AE37: =IF(AND(K37="",K38=""),"",COUNTIF(K37:K38,"v")) -> 2 | AF37: =IF(AND(L37="",L38=""),"",COUNTIF(L37:L38,"v")) -> 2 | AG37: =IF(AND(M37="",M38=""),"",COUNTIF(M37:M38,"v")) -> 2 | AH37: =IF(AND(N37="",N38=""),"",COUNTIF(N37:N38,"v")) | AI37: =IF(AND(O37="",O38=""),"",COUNTIF(O37:O38,"v")) | AJ37: =IF(AND(P37="",P38=""),"",COUNTIF(P37:P38,"v")) | ... AV37: =IF(AND(AB37="",AB38=""),"",COUNTIF(AB37:AB38,"v")) | AW37: =IF(AC37="","",IF(AC37=0,"Ditolak",IF(AC37=1,"Diperbaiki","Digunakan"))) -> Digunakan | AX37: =IF(AD37="","",IF(AD37=0,"Ditolak",IF(AND(AD37>=1,AD37<2),"Diperbaiki","Digunakan"))) -> Digunakan | AY37: =IF(AE37="","",IF(AE37=0,"Ditolak",IF(AND(AE37>=1,AE37<2),"Diperbaiki","Digunakan"))) -> Digunakan | AZ37: =IF(AF37="","",IF(AF37=0,"Ditolak",IF(AND(AF37>=1,AF37<2),"Diperbaiki","Digunakan"))) -> Digunakan | BA37: =IF(AG37="","",IF(AG37=0,"Ditolak",IF(AND(AG37>=1,AG37<2),"Diperbaiki","Digunakan"))) -> Digunakan | BB37: =IF(AH37="","",IF(AH37=0,"Ditolak",IF(AND(AH37>=1,AH37<2),"Diperbaiki","Digunakan"))) | BC37: =IF(AI37="","",IF(AI37=0,"Ditolak",IF(AND(AI37>=1,AI37<2),"Diperbaiki","Digunakan"))) | BD37: =IF(AJ37="","",IF(AJ37=0,"Ditolak",IF(AND(AJ37>=1,AJ37<2),"Diperbaiki","Digunakan"))) | BE37: =IF(AK37="","",IF(AK37=0,"Ditolak",IF(AND(AK37>=1,AK37<2),"Diperbaiki","Digunakan"))) | ... BP37: =IF(AV37="","",IF(AV37=0,"Ditolak",IF(AND(AV37>=1,AV37<2),"Diperbaiki","Digunakan")))
G38: ● | H38: menggunakan aturan penulisan kalimat yang benar | I38: v | J38: v | K38: v | L38: v | M38: v
E39: 5 | F39: Rumusan soal sudah mempertimbangkan segi bahasa dan budaya | G39: ● | H39: mempertimbangkan segi bahasa | I39: v | J39: v | K39: v | L39: v | M39: v | AC39: =IF(AND(I39="",I40=""),"",COUNTIF(I39:I40,"v")) -> 2 | AD39: =IF(AND(J39="",J40=""),"",COUNTIF(J39:J40,"v")) -> 2 | AE39: =IF(AND(K39="",K40=""),"",COUNTIF(K39:K40,"v")) -> 2 | AF39: =IF(AND(L39="",L40=""),"",COUNTIF(L39:L40,"v")) -> 2 | AG39: =IF(AND(M39="",M40=""),"",COUNTIF(M39:M40,"v")) -> 2 | AH39: =IF(AND(N39="",N40=""),"",COUNTIF(N39:N40,"v")) | AI39: =IF(AND(O39="",O40=""),"",COUNTIF(O39:O40,"v")) | AJ39: =IF(AND(P39="",P40=""),"",COUNTIF(P39:P40,"v")) | ... AV39: =IF(AND(AB39="",AB40=""),"",COUNTIF(AB39:AB40,"v")) | AW39: =IF(AC39="","",IF(AC39=0,"Ditolak",IF(AC39=1,"Diperbaiki","Digunakan"))) -> Digunakan | AX39: =IF(AD39="","",IF(AD39=0,"Ditolak",IF(AD39=1,"Diperbaiki","Digunakan"))) -> Digunakan | AY39: =IF(AE39="","",IF(AE39=0,"Ditolak",IF(AE39=1,"Diperbaiki","Digunakan"))) -> Digunakan | AZ39: =IF(AF39="","",IF(AF39=0,"Ditolak",IF(AF39=1,"Diperbaiki","Digunakan"))) -> Digunakan | BA39: =IF(AG39="","",IF(AG39=0,"Ditolak",IF(AG39=1,"Diperbaiki","Digunakan"))) -> Digunakan | BB39: =IF(AH39="","",IF(AH39=0,"Ditolak",IF(AH39=1,"Diperbaiki","Digunakan"))) | BC39: =IF(AI39="","",IF(AI39=0,"Ditolak",IF(AI39=1,"Diperbaiki","Digunakan"))) | BD39: =IF(AJ39="","",IF(AJ39=0,"Ditolak",IF(AJ39=1,"Diperbaiki","Digunakan"))) | ... BP39: =IF(AV39="","",IF(AV39=0,"Ditolak",IF(AV39=1,"Diperbaiki","Digunakan")))
G40: ● | H40: mempertimbangkan segi budaya | I40: v | J40: v | K40: v | L40: v | M40: v
E41: 6 | F41: Jangan menggunakan bahasa yang berlaku setempat | G41: ● | H41: Tidak memuat kata atau kalimat dengan bahasa daerah tertentu | I41: v | J41: v | K41: v | L41: v | M41: v | AC41: =IF(AND(I41="",I42=""),"",COUNTIF(I41:I42,"v")) -> 2 | AD41: =IF(AND(J41="",J42=""),"",COUNTIF(J41:J42,"v")) -> 2 | AE41: =IF(AND(K41="",K42=""),"",COUNTIF(K41:K42,"v")) -> 2 | AF41: =IF(AND(L41="",L42=""),"",COUNTIF(L41:L42,"v")) -> 2 | AG41: =IF(AND(M41="",M42=""),"",COUNTIF(M41:M42,"v")) -> 2 | AH41: =IF(AND(N41="",N42=""),"",COUNTIF(N41:N42,"v")) | AI41: =IF(AND(O41="",O42=""),"",COUNTIF(O41:O42,"v")) | AJ41: =IF(AND(P41="",P42=""),"",COUNTIF(P41:P42,"v")) | ... AV41: =IF(AND(AB41="",AB42=""),"",COUNTIF(AB41:AB42,"v")) | AW41: =IF(AC41="","",IF(AC41=0,"Ditolak",IF(AC41=1,"Diperbaiki","Digunakan"))) -> Digunakan | AX41: =IF(AD41="","",IF(AD41=0,"Ditolak",IF(AD41=1,"Diperbaiki","Digunakan"))) -> Digunakan | AY41: =IF(AE41="","",IF(AE41=0,"Ditolak",IF(AE41=1,"Diperbaiki","Digunakan"))) -> Digunakan | AZ41: =IF(AF41="","",IF(AF41=0,"Ditolak",IF(AF41=1,"Diperbaiki","Digunakan"))) -> Digunakan | BA41: =IF(AG41="","",IF(AG41=0,"Ditolak",IF(AG41=1,"Diperbaiki","Digunakan"))) -> Digunakan | BB41: =IF(AH41="","",IF(AH41=0,"Ditolak",IF(AH41=1,"Diperbaiki","Digunakan"))) | BC41: =IF(AI41="","",IF(AI41=0,"Ditolak",IF(AI41=1,"Diperbaiki","Digunakan"))) | BD41: =IF(AJ41="","",IF(AJ41=0,"Ditolak",IF(AJ41=1,"Diperbaiki","Digunakan"))) | ... BP41: =IF(AV41="","",IF(AV41=0,"Ditolak",IF(AV41=1,"Diperbaiki","Digunakan")))
G42: ● | H42: Soal tidak merugikan peserta didik karena tidak tahu bahasa daerah tertentu | I42: v | J42: v | K42: v | L42: v | M42: v
A43: III. | B43: HOTS | E43: 1 | F43: Soal memuat stimulus (pernyataan, tabel, grafik, hasil dari percobaan yang dilakukan, laporan, bahan bacaan, hasil observasi, dll) menarik dan kontekstual | G43: ● | H43: Peserta didik mentransfer informasi tersebut dari satu konteks ke konteks lainnya | I43: v | J43: v | K43: v | L43: v | M43: v | AC43: =IF(AND(I43="",I44="",I45="",I46="",I47="",I47=""),"",IF(COUNTIF(I43:I47,"v")=0,0,IF(AND(COUNTIF(I43:I47,"v")>=1,COUNTIF(I43:I47,"v")<4),1,2))) -> 2 | AD43: =IF(AND(J43="",J44="",J45="",J46="",J47="",J47=""),"",IF(COUNTIF(J43:J47,"v")=0,0,IF(AND(COUNTIF(J43:J47,"v")>=1,COUNTIF(J43:J47,"v")<4),1,2))) -> 2 | AE43: =IF(AND(K43="",K44="",K45="",K46="",K47="",K47=""),"",IF(COUNTIF(K43:K47,"v")=0,0,IF(AND(COUNTIF(K43:K47,"v")>=1,COUNTIF(K43:K47,"v")<4),1,2))) -> 2 | AF43: =IF(AND(L43="",L44="",L45="",L46="",L47="",L47=""),"",IF(COUNTIF(L43:L47,"v")=0,0,IF(AND(COUNTIF(L43:L47,"v")>=1,COUNTIF(L43:L47,"v")<4),1,2))) -> 2 | AG43: =IF(AND(M43="",M44="",M45="",M46="",M47="",M47=""),"",IF(COUNTIF(M43:M47,"v")=0,0,IF(AND(COUNTIF(M43:M47,"v")>=1,COUNTIF(M43:M47,"v")<4),1,2))) -> 2 | AH43: =IF(AND(N43="",N44="",N45="",N46="",N47="",N47=""),"",IF(COUNTIF(N43:N47,"v")=0,0,IF(AND(COUNTIF(N43:N47,"v")>=1,COUNTIF(N43:N47,"v")<4),1,2))) | AI43: =IF(AND(O43="",O44="",O45="",O46="",O47="",O47=""),"",IF(COUNTIF(O43:O47,"v")=0,0,IF(AND(COUNTIF(O43:O47,"v")>=1,COUNTIF(O43:O47,"v")<4),1,2))) | AJ43: =IF(AND(P43="",P44="",P45="",P46="",P47="",P47=""),"",IF(COUNTIF(P43:P47,"v")=0,0,IF(AND(COUNTIF(P43:P47,"v")>=1,COUNTIF(P43:P47,"v")<4),1,2))) | ... AV43: =IF(AND(AB43="",AB44="",AB45="",AB46="",AB47="",AB47=""),"",IF(COUNTIF(AB43:AB47,"v")=0,0,IF(AND(COUNTIF(AB43:AB47,"v")>=1,COUNTIF(AB43:AB47,"v")<4),1,2))) | AW43: =IF(AC43="","",IF(AC43=0,"Ditolak",IF(AND(AC43>=1,AC43<4),"Diperbaiki","Digunakan"))) -> Diperbaiki | AX43: =IF(AD43="","",IF(AD43=0,"Ditolak",IF(AND(AD43>=1,AD43<4),"Diperbaiki","Digunakan"))) -> Diperbaiki | AY43: =IF(AE43="","",IF(AE43=0,"Ditolak",IF(AND(AE43>=1,AE43<4),"Diperbaiki","Digunakan"))) -> Diperbaiki | AZ43: =IF(AF43="","",IF(AF43=0,"Ditolak",IF(AND(AF43>=1,AF43<4),"Diperbaiki","Digunakan"))) -> Diperbaiki | BA43: =IF(AG43="","",IF(AG43=0,"Ditolak",IF(AND(AG43>=1,AG43<4),"Diperbaiki","Digunakan"))) -> Diperbaiki | BB43: =IF(AH43="","",IF(AH43=0,"Ditolak",IF(AND(AH43>=1,AH43<4),"Diperbaiki","Digunakan"))) | BC43: =IF(AI43="","",IF(AI43=0,"Ditolak",IF(AND(AI43>=1,AI43<4),"Diperbaiki","Digunakan"))) | BD43: =IF(AJ43="","",IF(AJ43=0,"Ditolak",IF(AND(AJ43>=1,AJ43<4),"Diperbaiki","Digunakan"))) | ... BP43: =IF(AV43="","",IF(AV43=0,"Ditolak",IF(AND(AV43>=1,AV43<4),"Diperbaiki","Digunakan"))) | BQ43: =IF(COUNTIF(AW43:AW52,"Diperbaiki")>=1,"HOTS","") -> HOTS | BR43: =IF(COUNTIF(AX43:AX52,"Diperbaiki")>=1,"HOTS","") -> HOTS | BS43: =IF(COUNTIF(AY43:AY52,"Diperbaiki")>=1,"HOTS","") -> HOTS | BT43: =IF(COUNTIF(AZ43:AZ52,"Diperbaiki")>=1,"HOTS","") -> HOTS | BU43: =IF(COUNTIF(BA43:BA52,"Diperbaiki")>=1,"HOTS","") -> HOTS | BV43: =IF(COUNTIF(BB43:BB52,"Diperbaiki")>=1,"HOTS","") | BW43: =IF(COUNTIF(BC43:BC52,"Diperbaiki")>=1,"HOTS","") | BX43: =IF(COUNTIF(BD43:BD52,"Diperbaiki")>=1,"HOTS","") | ... CJ43: =IF(COUNTIF(BP43:BP52,"Diperbaiki")>=1,"HOTS","")
G44: ● | H44: Peserta didik memproses dan menerapkan informasi | I44: v | J44: v | K44: v | L44: v | M44: v
G45: ● | H45: Peserta didik melihat keterkaitan antara informasi yang berbeda-beda | I45: v | J45: v | K45: v | L45: v | M45: v
G46: ● | H46: Peserta didik menggunakan informasi untuk menyelesaikan masalah | I46: v | J46: v | K46: v | L46: v | M46: v
G47: ● | H47: Peserta didik secara kritis mengkaji/menelaah ide atau gagasan dan informasi | I47: v | J47: v | K47: v | L47: v | M47: v
E48: 2 | F48: Soal mengukur cara berfikir logis atau proses penalaran | G48: ● | H48: Soal memuat pertanyaan dan jawaban; | I48: v | J48: v | K48: v | L48: v | M48: v | AC48: =IF(AND(I48="",I49="",I50="",I51="",I52="",I52=""),"",IF(COUNTIF(I48:I52,"v")=0,0,IF(AND(COUNTIF(I48:I52,"v")>=1,COUNTIF(I48:I52,"v")<4),1,2))) -> 2 | AD48: =IF(AND(J48="",J49="",J50="",J51="",J52="",J52=""),"",IF(COUNTIF(J48:J52,"v")=0,0,IF(AND(COUNTIF(J48:J52,"v")>=1,COUNTIF(J48:J52,"v")<4),1,2))) -> 2 | AE48: =IF(AND(K48="",K49="",K50="",K51="",K52="",K52=""),"",IF(COUNTIF(K48:K52,"v")=0,0,IF(AND(COUNTIF(K48:K52,"v")>=1,COUNTIF(K48:K52,"v")<4),1,2))) -> 2 | AF48: =IF(AND(L48="",L49="",L50="",L51="",L52="",L52=""),"",IF(COUNTIF(L48:L52,"v")=0,0,IF(AND(COUNTIF(L48:L52,"v")>=1,COUNTIF(L48:L52,"v")<4),1,2))) -> 2 | AG48: =IF(AND(M48="",M49="",M50="",M51="",M52="",M52=""),"",IF(COUNTIF(M48:M52,"v")=0,0,IF(AND(COUNTIF(M48:M52,"v")>=1,COUNTIF(M48:M52,"v")<4),1,2))) -> 2 | AH48: =IF(AND(N48="",N49="",N50="",N51="",N52="",N52=""),"",IF(COUNTIF(N48:N52,"v")=0,0,IF(AND(COUNTIF(N48:N52,"v")>=1,COUNTIF(N48:N52,"v")<4),1,2))) | AI48: =IF(AND(O48="",O49="",O50="",O51="",O52="",O52=""),"",IF(COUNTIF(O48:O52,"v")=0,0,IF(AND(COUNTIF(O48:O52,"v")>=1,COUNTIF(O48:O52,"v")<4),1,2))) | AJ48: =IF(AND(P48="",P49="",P50="",P51="",P52="",P52=""),"",IF(COUNTIF(P48:P52,"v")=0,0,IF(AND(COUNTIF(P48:P52,"v")>=1,COUNTIF(P48:P52,"v")<4),1,2))) | ... AV48: =IF(AND(AB48="",AB49="",AB50="",AB51="",AB52="",AB52=""),"",IF(COUNTIF(AB48:AB52,"v")=0,0,IF(AND(COUNTIF(AB48:AB52,"v")>=1,COUNTIF(AB48:AB52,"v")<4),1,2))) | AW48: =IF(AC48="","",IF(AC48=0,"Ditolak",IF(AND(AC48>=1,AC48<4),"Diperbaiki","Digunakan"))) -> Diperbaiki | AX48: =IF(AD48="","",IF(AD48=0,"Ditolak",IF(AND(AD48>=1,AD48<4),"Diperbaiki","Digunakan"))) -> Diperbaiki | AY48: =IF(AE48="","",IF(AE48=0,"Ditolak",IF(AND(AE48>=1,AE48<4),"Diperbaiki","Digunakan"))) -> Diperbaiki | AZ48: =IF(AF48="","",IF(AF48=0,"Ditolak",IF(AND(AF48>=1,AF48<4),"Diperbaiki","Digunakan"))) -> Diperbaiki | BA48: =IF(AG48="","",IF(AG48=0,"Ditolak",IF(AND(AG48>=1,AG48<4),"Diperbaiki","Digunakan"))) -> Diperbaiki | BB48: =IF(AH48="","",IF(AH48=0,"Ditolak",IF(AND(AH48>=1,AH48<4),"Diperbaiki","Digunakan"))) | BC48: =IF(AI48="","",IF(AI48=0,"Ditolak",IF(AND(AI48>=1,AI48<4),"Diperbaiki","Digunakan"))) | BD48: =IF(AJ48="","",IF(AJ48=0,"Ditolak",IF(AND(AJ48>=1,AJ48<4),"Diperbaiki","Digunakan"))) | ... BP48: =IF(AV48="","",IF(AV48=0,"Ditolak",IF(AND(AV48>=1,AV48<4),"Diperbaiki","Digunakan")))
G49: ● | H49: Soal mendorong melakukan eksplorasi dan analisis; | I49: v | J49: v | K49: v | L49: v | M49: v
G50: ● | H50: Peserta didik bernalar ketika memperoleh informasi, bukan mengingatnya kembali; | I50: v | J50: v | K50: v | L50: v | M50: v
G51: ● | H51: Peserta didik memecahkan, menilai, mengkritik dan menerjemahkan; | I51: v | J51: v | K51: v | L51: v | M51: v
G52: ● | H52: Soal mengukur proses kognitif antara lain analisis, sintesis, dan evaluasi | I52: v | J52: v | K52: v | L52: v | M52: v
A53: IV. | B53: DIMENSI PROSES KOGNITIF | C53: 1 | D53: Mengingat | E53: C1 | F53: Soal mengambil pengetahuan dari memori jangka panjang, ditandai dengan kata kerja operasional | G53: ● | H53: mengenali | I53: v | J53: v | K53: v | L53: v | M53: v | AC53: =IF(AND(I53="",I54=""),"",COUNTIF(I53:I54,"v")) -> 2 | AD53: =IF(AND(J53="",J54=""),"",COUNTIF(J53:J54,"v")) -> 2 | AE53: =IF(AND(K53="",K54=""),"",COUNTIF(K53:K54,"v")) -> 2 | AF53: =IF(AND(L53="",L54=""),"",COUNTIF(L53:L54,"v")) -> 2 | AG53: =IF(AND(M53="",M54=""),"",COUNTIF(M53:M54,"v")) -> 2 | AH53: =IF(AND(N53="",N54=""),"",COUNTIF(N53:N54,"v")) | AI53: =IF(AND(O53="",O54=""),"",COUNTIF(O53:O54,"v")) | AJ53: =IF(AND(P53="",P54=""),"",COUNTIF(P53:P54,"v")) | ... AV53: =IF(AND(AB53="",AB54=""),"",COUNTIF(AB53:AB54,"v")) | AW53: =IF(AC53="","",IF(AC53>=1,1,0)) -> 1 | AX53: =IF(AD53="","",IF(AD53>=1,1,0)) -> 1 | AY53: =IF(AE53="","",IF(AE53>=1,1,0)) -> 1 | AZ53: =IF(AF53="","",IF(AF53>=1,1,0)) -> 1 | BA53: =IF(AG53="","",IF(AG53>=1,1,0)) -> 1 | BB53: =IF(AH53="","",IF(AH53>=1,1,0)) | BC53: =IF(AI53="","",IF(AI53>=1,1,0)) | BD53: =IF(AJ53="","",IF(AJ53>=1,1,0)) | ... CJ53: =IF(BP53="","",IF(BP53>=1,1,0)) | CK53: C6 | CL53: C1 | CM53: C1 | CN53: C1 | CO53: C2 | CP53: =IF(MAX(BB53:BB71)=1,"C1",IF(MAX(BB53:BB71)=2,"C2",IF(MAX(BB53:BB71)=3,"C3",IF(MAX(BB53:BB71)=4,"C4",IF(MAX(BB53:BB71)=5,"C5",IF(MAX(BB53:BB71)=6,"C6","")))))) | CQ53: =IF(MAX(BC53:BC71)=1,"C1",IF(MAX(BC53:BC71)=2,"C2",IF(MAX(BC53:BC71)=3,"C3",IF(MAX(BC53:BC71)=4,"C4",IF(MAX(BC53:BC71)=5,"C5",IF(MAX(BC53:BC71)=6,"C6","")))))) | CR53: =IF(MAX(BD53:BD71)=1,"C1",IF(MAX(BD53:BD71)=2,"C2",IF(MAX(BD53:BD71)=3,"C3",IF(MAX(BD53:BD71)=4,"C4",IF(MAX(BD53:BD71)=5,"C5",IF(MAX(BD53:BD71)=6,"C6","")))))) | CS53: =IF(MAX(BE53:BE71)=1,"C1",IF(MAX(BE53:BE71)=2,"C2",IF(MAX(BE53:BE71)=3,"C3",IF(MAX(BE53:BE71)=4,"C4",IF(MAX(BE53:BE71)=5,"C5",IF(MAX(BE53:BE71)=6,"C6","")))))) | CT53: =IF(MAX(BF53:BF71)=1,"C1",IF(MAX(BF53:BF71)=2,"C2",IF(MAX(BF53:BF71)=3,"C3",IF(MAX(BF53:BF71)=4,"C4",IF(MAX(BF53:BF71)=5,"C5",IF(MAX(BF53:BF71)=6,"C6","")))))) | CU53: =IF(MAX(BG53:BG71)=1,"C1",IF(MAX(BG53:BG71)=2,"C2",IF(MAX(BG53:BG71)=3,"C3",IF(MAX(BG53:BG71)=4,"C4",IF(MAX(BG53:BG71)=5,"C5",IF(MAX(BG53:BG71)=6,"C6","")))))) | CV53: =IF(MAX(BH53:BH71)=1,"C1",IF(MAX(BH53:BH71)=2,"C2",IF(MAX(BH53:BH71)=3,"C3",IF(MAX(BH53:BH71)=4,"C4",IF(MAX(BH53:BH71)=5,"C5",IF(MAX(BH53:BH71)=6,"C6","")))))) | CW53: =IF(MAX(BI53:BI71)=1,"C1",IF(MAX(BI53:BI71)=2,"C2",IF(MAX(BI53:BI71)=3,"C3",IF(MAX(BI53:BI71)=4,"C4",IF(MAX(BI53:BI71)=5,"C5",IF(MAX(BI53:BI71)=6,"C6","")))))) | ... DD53: =IF(MAX(BP53:BP71)=1,"C1",IF(MAX(BP53:BP71)=2,"C2",IF(MAX(BP53:BP71)=3,"C3",IF(MAX(BP53:BP71)=4,"C4",IF(MAX(BP53:BP71)=5,"C5",IF(MAX(BP53:BP71)=6,"C6",""))))))
G54: ● | H54: mengingat kembali | I54: v | J54: v | K54: v | L54: v | M54: v
C55: 2 | D55: Memahami | E55: C2 | F55: Soal mengkonstruk makna dari materi pembelajaran, termasuk apa yang diucapkan, ditulis, dan digambar oleh guru dengan kata kerja operasional | G55: ● | H55: menafsirkan | I55: v | J55: v | K55: v | L55: v | M55: v | AC55: =IF(AND(I55="",I56="",I57="",I58="",I59="",I60="",I61=""),"",COUNTIF(I55:I61,"v")) -> 7 | AD55: =IF(AND(J55="",J56="",J57="",J58="",J59="",J60="",J61=""),"",COUNTIF(J55:J61,"v")) -> 7 | AE55: =IF(AND(K55="",K56="",K57="",K58="",K59="",K60="",K61=""),"",COUNTIF(K55:K61,"v")) -> 7 | AF55: =IF(AND(L55="",L56="",L57="",L58="",L59="",L60="",L61=""),"",COUNTIF(L55:L61,"v")) -> 7 | AG55: =IF(AND(M55="",M56="",M57="",M58="",M59="",M60="",M61=""),"",COUNTIF(M55:M61,"v")) -> 7 | AH55: =IF(AND(N55="",N56="",N57="",N58="",N59="",N60="",N61=""),"",COUNTIF(N55:N61,"v")) | AI55: =IF(AND(O55="",O56="",O57="",O58="",O59="",O60="",O61=""),"",COUNTIF(O55:O61,"v")) | AJ55: =IF(AND(P55="",P56="",P57="",P58="",P59="",P60="",P61=""),"",COUNTIF(P55:P61,"v")) | ... AV55: =IF(AND(AB55="",AB56="",AB57="",AB58="",AB59="",AB60="",AB61=""),"",COUNTIF(AB55:AB61,"v")) | AW55: =IF(AC55="","",IF(AC55>=1,2,0)) -> 2 | AX55: =IF(AD55="","",IF(AD55>=1,2,0)) -> 2 | AY55: =IF(AE55="","",IF(AE55>=1,2,0)) -> 2 | AZ55: =IF(AF55="","",IF(AF55>=1,2,0)) -> 2 | BA55: =IF(AG55="","",IF(AG55>=1,2,0)) -> 2 | BB55: =IF(AH55="","",IF(AH55>=1,2,0)) | BC55: =IF(AI55="","",IF(AI55>=1,2,0)) | BD55: =IF(AJ55="","",IF(AJ55>=1,2,0)) | ... CJ55: =IF(BP55="","",IF(BP55>=1,2,0))
G56: ● | H56: mencontohkan | I56: v | J56: v | K56: v | L56: v | M56: v
G57: ● | H57: mengklasifikasikan | I57: v | J57: v | K57: v | L57: v | M57: v
G58: ● | H58: merangkum | I58: v | J58: v | K58: v | L58: v | M58: v
G59: ● | H59: menyimpulkan | I59: v | J59: v | K59: v | L59: v | M59: v
G60: ● | H60: membandingkan | I60: v | J60: v | K60: v | L60: v | M60: v
G61: ● | H61: menjelaskan | I61: v | J61: v | K61: v | L61: v | M61: v
C62: 3 | D62: Mengaplikasikan | E62: C3 | F62: Soal menerapkan atau menggunakan suatu prosedur dalam keadaan tertentu dengan kata kerja operasional | G62: ● | H62: mengeksekusi | I62: v | J62: v | K62: v | L62: v | M62: v | AC62: =IF(AND(I62="",I63=""),"",COUNTIF(I62:I63,"v")) -> 2 | AD62: =IF(AND(J62="",J63=""),"",COUNTIF(J62:J63,"v")) -> 2 | AE62: =IF(AND(K62="",K63=""),"",COUNTIF(K62:K63,"v")) -> 2 | AF62: =IF(AND(L62="",L63=""),"",COUNTIF(L62:L63,"v")) -> 2 | AG62: =IF(AND(M62="",M63=""),"",COUNTIF(M62:M63,"v")) -> 2 | AH62: =IF(AND(N62="",N63=""),"",COUNTIF(N62:N63,"v")) | AI62: =IF(AND(O62="",O63=""),"",COUNTIF(O62:O63,"v")) | AJ62: =IF(AND(P62="",P63=""),"",COUNTIF(P62:P63,"v")) | ... AV62: =IF(AND(AB62="",AB63=""),"",COUNTIF(AB62:AB63,"v")) | AW62: =IF(AC62="","",IF(AC62>=1,3,0)) -> 3 | AX62: =IF(AD62="","",IF(AD62>=1,3,0)) -> 3 | AY62: =IF(AE62="","",IF(AE62>=1,3,0)) -> 3 | AZ62: =IF(AF62="","",IF(AF62>=1,3,0)) -> 3 | BA62: =IF(AG62="","",IF(AG62>=1,3,0)) -> 3 | BB62: =IF(AH62="","",IF(AH62>=1,3,0)) | BC62: =IF(AI62="","",IF(AI62>=1,3,0)) | BD62: =IF(AJ62="","",IF(AJ62>=1,3,0)) | ... CJ62: =IF(BP62="","",IF(BP62>=1,3,0))
G63: ● | H63: mengimplemenatsikan | I63: v | J63: v | K63: v | L63: v | M63: v
C64: 4 | D64: Menganalisis | E64: C4 | F64: Soal memecah-mecah materi jadi bagian-bagian penyusunnya dan menentukan hubungan-hubungan antarbagian itu dan hubungan antara bagian-bagian tersebut dan keseluruhan struktur atau tujuan | G64: ● | H64: membedakan | I64: v | J64: v | K64: v | L64: v | M64: v | AC64: =IF(AND(I64="",I65="",I66=""),"",COUNTIF(I64:I66,"v")) -> 3 | AD64: =IF(AND(J64="",J65="",J66=""),"",COUNTIF(J64:J66,"v")) -> 3 | AE64: =IF(AND(K64="",K65="",K66=""),"",COUNTIF(K64:K66,"v")) -> 3 | AF64: =IF(AND(L64="",L65="",L66=""),"",COUNTIF(L64:L66,"v")) -> 3 | AG64: =IF(AND(M64="",M65="",M66=""),"",COUNTIF(M64:M66,"v")) -> 3 | AH64: =IF(AND(N64="",N65="",N66=""),"",COUNTIF(N64:N66,"v")) | AI64: =IF(AND(O64="",O65="",O66=""),"",COUNTIF(O64:O66,"v")) | AJ64: =IF(AND(P64="",P65="",P66=""),"",COUNTIF(P64:P66,"v")) | ... AV64: =IF(AND(AB64="",AB65="",AB66=""),"",COUNTIF(AB64:AB66,"v")) | AW64: =IF(AC64="","",IF(AC64>=1,4,0)) -> 4 | AX64: =IF(AD64="","",IF(AD64>=1,4,0)) -> 4 | AY64: =IF(AE64="","",IF(AE64>=1,4,0)) -> 4 | AZ64: =IF(AF64="","",IF(AF64>=1,4,0)) -> 4 | BA64: =IF(AG64="","",IF(AG64>=1,4,0)) -> 4 | BB64: =IF(AH64="","",IF(AH64>=1,4,0)) | BC64: =IF(AI64="","",IF(AI64>=1,4,0)) | BD64: =IF(AJ64="","",IF(AJ64>=1,4,0)) | ... CJ64: =IF(BP64="","",IF(BP64>=1,4,0))
G65: ● | H65: mengorganisasikan | I65: v | J65: v | K65: v | L65: v | M65: v
G66: ● | H66: mengatribusikan | I66: v | J66: v | K66: v | L66: v | M66: v
C67: 5 | D67: Mengevaluasi | E67: C5 | F67: Soal mengambil keputusan berdasarkan kriteria dan atau standar | G67: ● | H67: memeriksa | I67: v | J67: v | K67: v | L67: v | M67: v | AC67: =IF(AND(I67="",I68=""),"",COUNTIF(I67:I68,"v")) -> 2 | AD67: =IF(AND(J67="",J68=""),"",COUNTIF(J67:J68,"v")) -> 2 | AE67: =IF(AND(K67="",K68=""),"",COUNTIF(K67:K68,"v")) -> 2 | AF67: =IF(AND(L67="",L68=""),"",COUNTIF(L67:L68,"v")) -> 2 | AG67: =IF(AND(M67="",M68=""),"",COUNTIF(M67:M68,"v")) -> 2 | AH67: =IF(AND(N67="",N68=""),"",COUNTIF(N67:N68,"v")) | AI67: =IF(AND(O67="",O68=""),"",COUNTIF(O67:O68,"v")) | AJ67: =IF(AND(P67="",P68=""),"",COUNTIF(P67:P68,"v")) | ... AV67: =IF(AND(AB67="",AB68=""),"",COUNTIF(AB67:AB68,"v")) | AW67: =IF(AC67="","",IF(AC67>=1,5,0)) -> 5 | AX67: =IF(AD67="","",IF(AD67>=1,5,0)) -> 5 | AY67: =IF(AE67="","",IF(AE67>=1,5,0)) -> 5 | AZ67: =IF(AF67="","",IF(AF67>=1,5,0)) -> 5 | BA67: =IF(AG67="","",IF(AG67>=1,5,0)) -> 5 | BB67: =IF(AH67="","",IF(AH67>=1,5,0)) | BC67: =IF(AI67="","",IF(AI67>=1,5,0)) | BD67: =IF(AJ67="","",IF(AJ67>=1,5,0)) | ... CJ67: =IF(BP67="","",IF(BP67>=1,5,0))
G68: ● | H68: mengkritik | I68: v | J68: v | K68: v | L68: v | M68: v
C69: 6 | D69: Mengkreasi | E69: C6 | F69: Soal memadukan bagian-bagian untuk membentuk sesuatu yang baru dan koheren atau untuk membuat suatu produk yang orisinal | G69: ● | H69: merumuskan | I69: v | J69: v | K69: v | L69: v | M69: v | AC69: =IF(AND(I69="",I70="",I71=""),"",COUNTIF(I69:I71,"v")) -> 3 | AD69: =IF(AND(J69="",J70="",J71=""),"",COUNTIF(J69:J71,"v")) -> 3 | AE69: =IF(AND(K69="",K70="",K71=""),"",COUNTIF(K69:K71,"v")) -> 3 | AF69: =IF(AND(L69="",L70="",L71=""),"",COUNTIF(L69:L71,"v")) -> 3 | AG69: =IF(AND(M69="",M70="",M71=""),"",COUNTIF(M69:M71,"v")) -> 3 | AH69: =IF(AND(N69="",N70="",N71=""),"",COUNTIF(N69:N71,"v")) | AI69: =IF(AND(O69="",O70="",O71=""),"",COUNTIF(O69:O71,"v")) | AJ69: =IF(AND(P69="",P70="",P71=""),"",COUNTIF(P69:P71,"v")) | ... AV69: =IF(AND(AB69="",AB70="",AB71=""),"",COUNTIF(AB69:AB71,"v")) | AW69: =IF(AC69="","",IF(AC69>=1,6,0)) -> 6 | AX69: =IF(AD69="","",IF(AD69>=1,6,0)) -> 6 | AY69: =IF(AE69="","",IF(AE69>=1,6,0)) -> 6 | AZ69: =IF(AF69="","",IF(AF69>=1,6,0)) -> 6 | BA69: =IF(AG69="","",IF(AG69>=1,6,0)) -> 6 | BB69: =IF(AH69="","",IF(AH69>=1,6,0)) | BC69: =IF(AI69="","",IF(AI69>=1,6,0)) | BD69: =IF(AJ69="","",IF(AJ69>=1,6,0)) | ... CJ69: =IF(BP69="","",IF(BP69>=1,6,0))
G70: ● | H70: merencanakan | I70: v | J70: v | K70: v | L70: v | M70: v
G71: ● | H71: memproduksi | I71: v | J71: v | K71: v | L71: v | M71: v

Sheet Ins_PG
A1: INSTRUMEN TELAAH SOAL PILIHAN GANDA
A2: UJIAN SEKOLAH (US) SEKOLAH MENENGAH KEJURUAN
A3: =CONCATENATE("TAHUN PELAJARAN"," ",Biodata!C15) -> TAHUN PELAJARAN 2020/2021
A5: Sekolah | E5: : | F5: =Biodata!C4 -> SMK NEGERI 1 JATIROTO
A6: Mata Pelajaran | E6: : | F6: =Biodata!C6 -> Bahasa Inggris
A7: Pengawas Pembina | E7: : | F7: =Biodata!C7 -> Indah Darmawati, SE, M.Pd
A8: Ketua Tim Teaching | E8: : | F8: =Biodata!C9 -> Galuh Wury Prabaningrum, S.Pd.
A9: Penyusun Kisi-kisi dan Soal | E9: : | F9: =Biodata!C10 -> Bhekti Tulus Martani, S.Pd.
A10: Penelaah Soal | E10: : | F10: =Biodata!C11 -> Ade Setiyawan, S.Kom.
A11: Jumlah Soal | E11: : | F11: =Biodata!C12 -> 40 | H11: butir
A13: NO | B13: KOMPONEN | C13: INDIKATOR | E13: NOMOR SOAL
E14: 1 | F14: 2 | G14: 3 | H14: 4 | I14: 5 | J14: 6 | K14: 7 | L14: 8 | M14: 9 | N14: 10 | O14: 11 | P14: 12 | Q14: 13 | R14: 14 | S14: 15 | T14: 16 | U14: 17 | V14: 18 | W14: 19 | X14: 20 | Y14: 21 | Z14: 22 | AA14: 23 | AB14: 24 | AC14: 25 | AD14: 26 | AE14: 27 | AF14: 28 | AG14: 29 | AH14: 30 | AI14: 31 | AJ14: 32 | AK14: 33 | AL14: 34 | AM14: 35 | AN14: 36 | AO14: 37 | AP14: 38 | AQ14: 39 | AR14: 40 | AS14: 41 | AT14: 42 | AU14: 43 | AV14: 44 | AW14: 45
A15: A | B15: =Telaah_PG!B6 -> HAL-HAL PENTING | C15: 1 | D15: =Telaah_PG!D6 -> Soal tidak menyinggung SARA | E15: =Telaah_PG!BB6 -> 2 | F15: =Telaah_PG!BC6 -> 2 | G15: =Telaah_PG!BD6 -> 2 | H15: =Telaah_PG!BE6 -> 2 | I15: =Telaah_PG!BF6 -> 2 | J15: =Telaah_PG!BG6 -> 2 | K15: =Telaah_PG!BH6 -> 2 | L15: =Telaah_PG!BI6 -> 2 | ... AW15: =Telaah_PG!CT6
C16: 2 | D16: =Telaah_PG!D10 -> Soal tidak bermuatan politik, pornografi, promosi produk komersil (iklan), kekerasan, dan bentuk lainnya yang dapat menimbulkan efek negatif | E16: =Telaah_PG!BB10 -> 2 | F16: =Telaah_PG!BC10 -> 2 | G16: =Telaah_PG!BD10 -> 2 | H16: =Telaah_PG!BE10 -> 2 | I16: =Telaah_PG!BF10 -> 2 | J16: =Telaah_PG!BG10 -> 2 | K16: =Telaah_PG!BH10 -> 2 | L16: =Telaah_PG!BI10 -> 2 | ... AW16: =Telaah_PG!CT10
A17: B | B17: =Telaah_PG!D15 -> MATERI | C17: 1 | D17: =Telaah_PG!F15 -> Soal sesuai dengan indikator. | E17: =Telaah_PG!BB15 -> 2 | F17: =Telaah_PG!BC15 -> 2 | G17: =Telaah_PG!BD15 -> 2 | H17: =Telaah_PG!BE15 -> 2 | I17: =Telaah_PG!BF15 -> 2 | J17: =Telaah_PG!BG15 -> 2 | K17: =Telaah_PG!BH15 -> 2 | L17: =Telaah_PG!BI15 -> 2 | ... AW17: =Telaah_PG!CT15
C18: 2 | D18: =Telaah_PG!F17 -> Pilihan jawaban homogen dan logis | E18: =Telaah_PG!BB17 -> 2 | F18: =Telaah_PG!BC17 -> 2 | G18: =Telaah_PG!BD17 -> 2 | H18: =Telaah_PG!BE17 -> 2 | I18: =Telaah_PG!BF17 -> 2 | J18: =Telaah_PG!BG17 -> 2 | K18: =Telaah_PG!BH17 -> 2 | L18: =Telaah_PG!BI17 -> 2 | ... AW18: =Telaah_PG!CT17
C19: 3 | D19: =Telaah_PG!F19 -> Soal mempunyai satu jawaban yang benar atau yang paling benar. | E19: =Telaah_PG!BB19 -> 2 | F19: =Telaah_PG!BC19 -> 2 | G19: =Telaah_PG!BD19 -> 2 | H19: =Telaah_PG!BE19 -> 2 | I19: =Telaah_PG!BF19 -> 2 | J19: =Telaah_PG!BG19 -> 2 | K19: =Telaah_PG!BH19 -> 2 | L19: =Telaah_PG!BI19 -> 2 | ... AW19: =Telaah_PG!CT19
A20: C | B20: =Telaah_PG!D21 -> KONSTRUKSI | C20: 1 | D20: =Telaah_PG!F21 -> Pokok soal dirumuskan secara jelas dan tegas. | E20: =Telaah_PG!BB21 -> 2 | F20: =Telaah_PG!BC21 -> 2 | G20: =Telaah_PG!BD21 -> 2 | H20: =Telaah_PG!BE21 -> 2 | I20: =Telaah_PG!BF21 -> 2 | J20: =Telaah_PG!BG21 -> 2 | K20: =Telaah_PG!BH21 -> 2 | L20: =Telaah_PG!BI21 -> 2 | ... AW20: =Telaah_PG!CT21
C21: 2 | D21: =Telaah_PG!F23 -> Pokok soal dan pilihan jawaban merupakan pernyataan yang diperlukan | E21: =Telaah_PG!BB23 -> 2 | F21: =Telaah_PG!BC23 -> 2 | G21: =Telaah_PG!BD23 -> 2 | H21: =Telaah_PG!BE23 -> 2 | I21: =Telaah_PG!BF23 -> 2 | J21: =Telaah_PG!BG23 -> 2 | K21: =Telaah_PG!BH23 -> 2 | L21: =Telaah_PG!BI23 -> 2 | ... AW21: =Telaah_PG!CT23
C22: 3 | D22: =Telaah_PG!F25 -> Pokok soal tidak memberi petunjuk ke arah jawaban benar. | E22: =Telaah_PG!BB25 -> 2 | F22: =Telaah_PG!BC25 -> 2 | G22: =Telaah_PG!BD25 -> 2 | H22: =Telaah_PG!BE25 -> 2 | I22: =Telaah_PG!BF25 -> 2 | J22: =Telaah_PG!BG25 -> 2 | K22: =Telaah_PG!BH25 -> 2 | L22: =Telaah_PG!BI25 -> 2 | ... AW22: =Telaah_PG!CT25
C23: 4 | D23: =Telaah_PG!F27 -> Pokok soal tidak mengandung pernyataan yang bersifat negatif ganda. | E23: =Telaah_PG!BB27 -> 2 | F23: =Telaah_PG!BC27 -> 2 | G23: =Telaah_PG!BD27 -> 2 | H23: =Telaah_PG!BE27 -> 2 | I23: =Telaah_PG!BF27 -> 2 | J23: =Telaah_PG!BG27 -> 2 | K23: =Telaah_PG!BH27 -> 2 | L23: =Telaah_PG!BI27 -> 2 | ... AW23: =Telaah_PG!CT27
C24: 5 | D24: =Telaah_PG!F29 -> Panjang rumusan pilihan jawaban harus relatif sama. | E24: =Telaah_PG!BB29 -> 2 | F24: =Telaah_PG!BC29 -> 2 | G24: =Telaah_PG!BD29 -> 2 | H24: =Telaah_PG!BE29 -> 2 | I24: =Telaah_PG!BF29 -> 2 | J24: =Telaah_PG!BG29 -> 2 | K24: =Telaah_PG!BH29 -> 2 | L24: =Telaah_PG!BI29 -> 2 | ... AW24: =Telaah_PG!CT29
C25: 6 | D25: =Telaah_PG!F31 -> Pilihan jawaban jangan mengandung pernyataan, “Semua pilihan jawaban di atas salah” atau “Semua pilihan jawabandi atas benar”. | E25: =Telaah_PG!BB31 -> 2 | F25: =Telaah_PG!BC31 -> 2 | G25: =Telaah_PG!BD31 -> 2 | H25: =Telaah_PG!BE31 -> 2 | I25: =Telaah_PG!BF31 -> 2 | J25: =Telaah_PG!BG31 -> 2 | K25: =Telaah_PG!BH31 -> 2 | L25: =Telaah_PG!BI31 -> 2 | ... AW25: =Telaah_PG!CT31
C26: 7 | D26: =Telaah_PG!F33 -> Pilihan jawaban yang berbentuk angka atau waktu harus disusun berdasarkan urutan besar kecilnya nilai angka tersebut atau kronologisnya. | E26: =Telaah_PG!BB33 -> 2 | F26: =Telaah_PG!BC33 -> 2 | G26: =Telaah_PG!BD33 -> 2 | H26: =Telaah_PG!BE33 -> 2 | I26: =Telaah_PG!BF33 -> 2 | J26: =Telaah_PG!BG33 -> 2 | K26: =Telaah_PG!BH33 -> 2 | L26: =Telaah_PG!BI33 -> 2 | ... AW26: =Telaah_PG!CT33
C27: 8 | D27: =Telaah_PG!F35 -> Gambar, grafik, tabel, diagram, dan sejenisnya yang terdapat pada soal harus jelas dan berfungsi. | E27: =Telaah_PG!BB33 -> 2 | F27: =Telaah_PG!BC33 -> 2 | G27: =Telaah_PG!BD33 -> 2 | H27: =Telaah_PG!BE33 -> 2 | I27: =Telaah_PG!BF33 -> 2 | J27: =Telaah_PG!BG33 -> 2 | K27: =Telaah_PG!BH33 -> 2 | L27: =Telaah_PG!BI33 -> 2 | ... AW27: =Telaah_PG!CT33
C28: 9 | D28: =Telaah_PG!F37 -> Butir soal tidak bergantung pada jawaban soal sebelumnya. | E28: =Telaah_PG!BB37 -> 2 | F28: =Telaah_PG!BC37 -> 2 | G28: =Telaah_PG!BD37 -> 2 | H28: =Telaah_PG!BE37 -> 2 | I28: =Telaah_PG!BF37 -> 2 | J28: =Telaah_PG!BG37 -> 2 | K28: =Telaah_PG!BH37 -> 2 | L28: =Telaah_PG!BI37 -> 2 | ... AW28: =Telaah_PG!CT37
A29: D | B29: =Telaah_PG!D39 -> BAHASA | C29: 1 | D29: =Telaah_PG!F39 -> Setiap soal harus menggunakan bahasa yang sesuai dengan kaidah bahasa Indonesia. | E29: =Telaah_PG!BB39 -> 2 | F29: =Telaah_PG!BC39 -> 2 | G29: =Telaah_PG!BD39 -> 2 | H29: =Telaah_PG!BE39 -> 2 | I29: =Telaah_PG!BF39 -> 2 | J29: =Telaah_PG!BG39 -> 2 | K29: =Telaah_PG!BH39 -> 2 | L29: =Telaah_PG!BI39 -> 2 | ... AW29: =Telaah_PG!CT39
C30: 2 | D30: =Telaah_PG!F41 -> Jangan menggunakan bahasa yang berlaku setempat jika soal akan digunakan untuk daerah lain atau nasional. | E30: =Telaah_PG!BB41 -> 2 | F30: =Telaah_PG!BC41 -> 2 | G30: =Telaah_PG!BD41 -> 2 | H30: =Telaah_PG!BE41 -> 2 | I30: =Telaah_PG!BF41 -> 2 | J30: =Telaah_PG!BG41 -> 2 | K30: =Telaah_PG!BH41 -> 2 | L30: =Telaah_PG!BI41 -> 2 | ... AW30: =Telaah_PG!CT41
C31: 3 | D31: =Telaah_PG!F43 -> Setiap soal harus menggunakan bahasa yang komunikatif. | E31: =Telaah_PG!BB43 -> 2 | F31: =Telaah_PG!BC43 -> 2 | G31: =Telaah_PG!BD43 -> 2 | H31: =Telaah_PG!BE43 -> 2 | I31: =Telaah_PG!BF43 -> 2 | J31: =Telaah_PG!BG43 -> 2 | K31: =Telaah_PG!BH43 -> 2 | L31: =Telaah_PG!BI43 -> 2 | ... AW31: =Telaah_PG!CT43
C32: 4 | D32: =Telaah_PG!F45 -> Setiap pilihan jawaban jangan mengulang kata atau frase yang bukan merupakan satu kesatuan pengertian | E32: =Telaah_PG!BB45 -> 2 | F32: =Telaah_PG!BC45 -> 2 | G32: =Telaah_PG!BD45 -> 2 | H32: =Telaah_PG!BE45 -> 2 | I32: =Telaah_PG!BF45 -> 2 | J32: =Telaah_PG!BG45 -> 2 | K32: =Telaah_PG!BH45 -> 2 | L32: =Telaah_PG!BI45 -> 2 | ... AW32: =Telaah_PG!CT45
A33: E | B33: HOTS | C33: 1 | D33: =Telaah_PG!F47 -> Soal memuat stimulus (pernyataan, tabel, grafik, hasil dari percobaan yang dilakukan, laporan, bahan bacaan, hasil observasi, dll) menarik dan kontekstual | E33: =Telaah_PG!BB47 -> 2 | F33: =Telaah_PG!BC47 -> 2 | G33: =Telaah_PG!BD47 -> 2 | H33: =Telaah_PG!BE47 -> 2 | I33: =Telaah_PG!BF47 -> 2 | J33: =Telaah_PG!BG47 -> 2 | K33: =Telaah_PG!BH47 -> 2 | L33: =Telaah_PG!BI47 -> 2 | ... AW33: =Telaah_PG!CT47
C34: 2 | D34: =Telaah_PG!F52 -> Soal mengukur cara berfikir logis atau proses penalaran | E34: =Telaah_PG!BB52 -> 2 | F34: =Telaah_PG!BC52 -> 2 | G34: =Telaah_PG!BD52 -> 2 | H34: =Telaah_PG!BE52 -> 2 | I34: =Telaah_PG!BF52 -> 2 | J34: =Telaah_PG!BG52 -> 2 | K34: =Telaah_PG!BH52 -> 2 | L34: =Telaah_PG!BI52 -> 2 | ... AW34: =Telaah_PG!CT52
A35: F | B35: DIMENSI PROSES KOGNITIF | E35: =Telaah_PG!GG57 -> C3 | F35: =Telaah_PG!GH57 -> C2 | G35: =Telaah_PG!GI57 -> C2 | H35: =Telaah_PG!GJ57 -> C2 | I35: =Telaah_PG!GK57 -> C2 | J35: =Telaah_PG!GL57 -> C4 | K35: =Telaah_PG!GM57 -> C4 | L35: =Telaah_PG!GN57 -> C3 | ... AW35: =Telaah_PG!HY57
B36: Jumlah Skor Hasil Telaan | E36: =SUM(E15:E34) -> 40 | F36: =SUM(F15:F34) -> 40 | G36: =SUM(G15:G34) -> 40 | H36: =SUM(H15:H34) -> 40 | I36: =SUM(I15:I34) -> 40 | J36: =SUM(J15:J34) -> 40 | K36: =SUM(K15:K34) -> 40 | L36: =SUM(L15:L34) -> 40 | ... AW36: =SUM(AW15:AW34) -> 0
B37: Nilai Akhir | E37: =E36/40*100 -> 100 | F37: =F36/40*100 -> 100 | G37: =G36/40*100 -> 100 | H37: =H36/40*100 -> 100 | I37: =I36/40*100 -> 100 | J37: =J36/40*100 -> 100 | K37: =K36/40*100 -> 100 | L37: =L36/40*100 -> 100 | ... AW37: =AW36/40*100 -> 0
B38: Kategori *) | E38: =IF(E37="","",IF(E37<80.5,"D",IF(AND(E37>=80.5,E37<90.5),"R","G"))) -> G | F38: =IF(F37="","",IF(F37<80.5,"D",IF(AND(F37>=80.5,F37<90.5),"R","G"))) -> G | G38: =IF(G37="","",IF(G37<80.5,"D",IF(AND(G37>=80.5,G37<90.5),"R","G"))) -> G | H38: =IF(H37="","",IF(H37<80.5,"D",IF(AND(H37>=80.5,H37<90.5),"R","G"))) -> G | I38: =IF(I37="","",IF(I37<80.5,"D",IF(AND(I37>=80.5,I37<90.5),"R","G"))) -> G | J38: =IF(J37="","",IF(J37<80.5,"D",IF(AND(J37>=80.5,J37<90.5),"R","G"))) -> G | K38: =IF(K37="","",IF(K37<80.5,"D",IF(AND(K37>=80.5,K37<90.5),"R","G"))) -> G | L38: =IF(L37="","",IF(L37<80.5,"D",IF(AND(L37>=80.5,L37<90.5),"R","G"))) -> G | ... AW38: =IF(AW37="","",IF(AW37<80.5,"D",IF(AND(AW37>=80.5,AW37<90.5),"R","G"))) -> D
B39: Tindak Lanjut **) | E39: =IF(E37=0,"",IF(E37<80.5,"Ditolak",IF(AND(E37>=80.5,E37<90.5),"Diperbaiki","Digunakan"))) -> Digunakan | F39: =IF(F37=0,"",IF(F37<80.5,"Ditolak",IF(AND(F37>=80.5,F37<90.5),"Diperbaiki","Digunakan"))) -> Digunakan | G39: =IF(G37=0,"",IF(G37<80.5,"Ditolak",IF(AND(G37>=80.5,G37<90.5),"Diperbaiki","Digunakan"))) -> Digunakan | H39: =IF(H37=0,"",IF(H37<80.5,"Ditolak",IF(AND(H37>=80.5,H37<90.5),"Diperbaiki","Digunakan"))) -> Digunakan | I39: =IF(I37=0,"",IF(I37<80.5,"Ditolak",IF(AND(I37>=80.5,I37<90.5),"Diperbaiki","Digunakan"))) -> Digunakan | J39: =IF(J37=0,"",IF(J37<80.5,"Ditolak",IF(AND(J37>=80.5,J37<90.5),"Diperbaiki","Digunakan"))) -> Digunakan | K39: =IF(K37=0,"",IF(K37<80.5,"Ditolak",IF(AND(K37>=80.5,K37<90.5),"Diperbaiki","Digunakan"))) -> Digunakan | L39: =IF(L37=0,"",IF(L37<80.5,"Ditolak",IF(AND(L37>=80.5,L37<90.5),"Diperbaiki","Digunakan"))) -> Digunakan | ... AW39: =IF(AW37=0,"",IF(AW37<80.5,"Ditolak",IF(AND(AW37>=80.5,AW37<90.5),"Diperbaiki","Digunakan")))
T41: =CONCATENATE(Biodata!C18,","," ",Biodata!C17 ) -> Wonogiri, 16 Maret 2021
B42: Mengetahui | F42: Mengetahui | T42: Tim Penyusun Soal US
B43: Pengawas Pembina | F43: Penanggung Jawab/Pendamping | T43: Penyusun Soal | AH43: Penelaah Soal
B49: =Biodata!C7 -> Indah Darmawati, SE, M.Pd | F49: =Biodata!C8 -> Drs. Suyono, M.Si | T49: =Biodata!C10 -> Bhekti Tulus Martani, S.Pd. | AH49: =Biodata!C11 -> Ade Setiyawan, S.Kom.
B50: =CONCATENATE("NIP"," ",Biodata!F7) -> NIP 19770316 200701 2 002 | F50: =CONCATENATE("NIP"," ",Biodata!F8) -> NIP 19630329 199512 1 003 | T50: =CONCATENATE("NIP"," ",Biodata!F10) -> NIP - | AH50: =CONCATENATE("NIP"," ",Biodata!F11) -> NIP -
A52: Keterangan
A53: 1 | B53: Diterima | C53: : | D53: NA ≥ 91
A54: 2 | B54: Diperbaiki | C54: : | D54: 81 ≤ NA < 91
A55: 3 | B55: Ditolak | C55: : | D55: NA <81

Sheet Ins_UR
A1: INSTRUMEN TELAAH SOAL URAIAN
A2: UJIAN SEKOLAH (US) SEKOLAH MENENGAH KEJURUAN
A3: =CONCATENATE("TAHUN PELAJARAN"," ",Biodata!C15) -> TAHUN PELAJARAN 2020/2021
A5: Sekolah | E5: : | F5: =Biodata!C4 -> SMK NEGERI 1 JATIROTO
A6: Mata Pelajaran | E6: : | F6: =Biodata!C6 -> Bahasa Inggris
A7: Pengawas Pembina | E7: : | F7: =Biodata!C7 -> Indah Darmawati, SE, M.Pd
A8: Ketua Tim Teaching | E8: : | F8: =Biodata!C9 -> Galuh Wury Prabaningrum, S.Pd.
A9: Penyusun Kisi-kisi dan Soal | E9: : | F9: =Biodata!C10 -> Bhekti Tulus Martani, S.Pd.
A10: Penelaah Soal | E10: : | F10: =Biodata!C11 -> Ade Setiyawan, S.Kom.
A11: Jumlah Soal Uraian | E11: : | F11: =Biodata!C13 -> 5 | G11: butir
A13: NO | B13: KOMPONEN | C13: INDIKATOR | E13: NOMOR SOAL
E14: 1 | F14: 2 | G14: 3 | H14: 4 | I14: 5 | J14: 6 | K14: 7 | L14: 8 | M14: 9 | N14: 10 | O14: 11 | P14: 12 | Q14: 13 | R14: 14 | S14: 15 | T14: 16 | U14: 17 | V14: 18 | W14: 19 | X14: 20
A15: A | B15: =Telaah_UR!B6 -> HAL-HAL PENTING | C15: 1 | D15: =Telaah_UR!D6 -> Soal tidak menyinggung SARA | E15: =Telaah_UR!AC6 -> 2 | F15: =Telaah_UR!AD6 -> 2 | G15: =Telaah_UR!AE6 -> 2 | H15: =Telaah_UR!AF6 -> 2 | I15: =Telaah_UR!AG6 -> 2 | J15: =Telaah_UR!AH6 | K15: =Telaah_UR!AI6 | L15: =Telaah_UR!AJ6 | ... X15: =Telaah_UR!AV6
C16: 2 | D16: =Telaah_UR!D10 -> Soal tidak bermuatan politik, pornografi, promosi produk komersil (iklan), kekerasan, dan bentuk lainnya yang dapat menimbulkan efek negatif | E16: =Telaah_UR!AC10 -> 2 | F16: =Telaah_UR!AD10 -> 2 | G16: =Telaah_UR!AE10 -> 2 | H16: =Telaah_UR!AF10 -> 2 | I16: =Telaah_UR!AG10 -> 2 | J16: =Telaah_UR!AH10 | K16: =Telaah_UR!AI10 | L16: =Telaah_UR!AJ10 | ... X16: =Telaah_UR!AV10
A17: B | B17: =Telaah_UR!D15 -> MATERI | C17: 1 | D17: =Telaah_UR!F15 -> Soal sesuai dengan indikator. | E17: =Telaah_UR!AC15 -> 2 | F17: =Telaah_UR!AD15 -> 2 | G17: =Telaah_UR!AE15 -> 2 | H17: =Telaah_UR!AF15 -> 2 | I17: =Telaah_UR!AG15 -> 2 | J17: =Telaah_UR!AH15 | K17: =Telaah_UR!AI15 | L17: =Telaah_UR!AJ15 | ... X17: =Telaah_UR!AV15
C18: 2 | D18: =Telaah_UR!F17 -> Batasan pertanyaan dan jawaban yang diharapkan jelas | E18: =Telaah_UR!AC17 -> 2 | F18: =Telaah_UR!AD17 -> 2 | G18: =Telaah_UR!AE17 -> 2 | H18: =Telaah_UR!AF17 -> 2 | I18: =Telaah_UR!AG17 -> 2 | J18: =Telaah_UR!AH17 | K18: =Telaah_UR!AI17 | L18: =Telaah_UR!AJ17 | ... X18: =Telaah_UR!AV17
C19: 3 | D19: =Telaah_UR!F19 -> Isi materi sesuai dengan tujuan pengukuran | E19: =Telaah_UR!AC19 -> 2 | F19: =Telaah_UR!AD19 -> 2 | G19: =Telaah_UR!AE19 -> 2 | H19: =Telaah_UR!AF19 -> 2 | I19: =Telaah_UR!AG19 -> 2 | J19: =Telaah_UR!AH19 | K19: =Telaah_UR!AI19 | L19: =Telaah_UR!AJ19 | ... X19: =Telaah_UR!AV19
C20: 4 | D20: =Telaah_UR!F21 -> Isi materi yang ditanyakan sudah sesuai dengan jenjang dan tingkat kelas | E20: =Telaah_UR!AC21 -> 2 | F20: =Telaah_UR!AD21 -> 2 | G20: =Telaah_UR!AE21 -> 2 | H20: =Telaah_UR!AF21 -> 2 | I20: =Telaah_UR!AG21 -> 2 | J20: =Telaah_UR!AH21 | K20: =Telaah_UR!AI21 | L20: =Telaah_UR!AJ21 | ... X20: =Telaah_UR!AV21
A21: C | B21: =Telaah_UR!D23 -> KONSTRUKSI | C21: 1 | D21: =Telaah_UR!F23 -> Rumusan pertanyaan menggunakan kata-kata tanya yang menuntut jawaban terurai | E21: =Telaah_UR!AC23 -> 2 | F21: =Telaah_UR!AD23 -> 2 | G21: =Telaah_UR!AE23 -> 2 | H21: =Telaah_UR!AF23 -> 2 | I21: =Telaah_UR!AG23 -> 2 | J21: =Telaah_UR!AH23 | K21: =Telaah_UR!AI23 | L21: =Telaah_UR!AJ23 | ... X21: =Telaah_UR!AV23
C22: 2 | D22: =Telaah_UR!F25 -> Buatlah petunjuk yang jelas tentang cara mengerjakan soal | E22: =Telaah_UR!AC25 -> 2 | F22: =Telaah_UR!AD25 -> 2 | G22: =Telaah_UR!AE25 -> 2 | H22: =Telaah_UR!AF25 -> 2 | I22: =Telaah_UR!AG25 -> 2 | J22: =Telaah_UR!AH25 | K22: =Telaah_UR!AI25 | L22: =Telaah_UR!AJ25 | ... X22: =Telaah_UR!AV25
C23: 3 | D23: =Telaah_UR!F27 -> Buatlah pedoman penskoran segera setelah soal ditulis | E23: =Telaah_UR!AC27 -> 2 | F23: =Telaah_UR!AD27 -> 2 | G23: =Telaah_UR!AE27 -> 2 | H23: =Telaah_UR!AF27 -> 2 | I23: =Telaah_UR!AG27 -> 2 | J23: =Telaah_UR!AH27 | K23: =Telaah_UR!AI27 | L23: =Telaah_UR!AJ27 | ... X23: =Telaah_UR!AV27
C24: 4 | D24: =Telaah_UR!F29 -> Tabel, gambar, grafik, peta, atau yang sejenisnya harus disajikan dengan jelas, berfungsi, dan terbaca | E24: =Telaah_UR!AC29 -> 2 | F24: =Telaah_UR!AD29 -> 2 | G24: =Telaah_UR!AE29 -> 2 | H24: =Telaah_UR!AF29 -> 2 | I24: =Telaah_UR!AG29 -> 2 | J24: =Telaah_UR!AH29 | K24: =Telaah_UR!AI29 | L24: =Telaah_UR!AJ29 | ... X24: =Telaah_UR!AV29
A25: D | B25: =Telaah_UR!D31 -> BAHASA | C25: 1 | D25: =Telaah_UR!F31 -> Soal menggunakan bahasa yang sederhana dan komunikatif | E25: =Telaah_UR!AC31 -> 2 | F25: =Telaah_UR!AD31 -> 2 | G25: =Telaah_UR!AE31 -> 2 | H25: =Telaah_UR!AF31 -> 2 | I25: =Telaah_UR!AG31 -> 2 | J25: =Telaah_UR!AH31 | K25: =Telaah_UR!AI31 | L25: =Telaah_UR!AJ31 | ... X25: =Telaah_UR!AV31
C26: 2 | D26: =Telaah_UR!F33 -> Soal tidak menyinggung perasaan peserta didik atau kelompok tertentu | E26: =Telaah_UR!AC33 -> 2 | F26: =Telaah_UR!AD33 -> 2 | G26: =Telaah_UR!AE33 -> 2 | H26: =Telaah_UR!AF33 -> 2 | I26: =Telaah_UR!AG33 -> 2 | J26: =Telaah_UR!AH33 | K26: =Telaah_UR!AI33 | L26: =Telaah_UR!AJ33 | ... X26: =Telaah_UR!AV33
C27: 3 | D27: =Telaah_UR!F35 -> Soal tidak menggunakan kata-kata yang menimbulkan penafsiran ganda | E27: =Telaah_UR!AC33 -> 2 | F27: =Telaah_UR!AD33 -> 2 | G27: =Telaah_UR!AE33 -> 2 | H27: =Telaah_UR!AF33 -> 2 | I27: =Telaah_UR!AG33 -> 2 | J27: =Telaah_UR!AH33 | K27: =Telaah_UR!AI33 | L27: =Telaah_UR!AJ33 | ... X27: =Telaah_UR!AV33
C28: 4 | D28: =Telaah_UR!F37 -> Soal menggunakan Bahasa Indonesia yang baik dan benar | E28: =Telaah_UR!AC37 -> 2 | F28: =Telaah_UR!AD37 -> 2 | G28: =Telaah_UR!AE37 -> 2 | H28: =Telaah_UR!AF37 -> 2 | I28: =Telaah_UR!AG37 -> 2 | J28: =Telaah_UR!AH37 | K28: =Telaah_UR!AI37 | L28: =Telaah_UR!AJ37 | ... X28: =Telaah_UR!AV37
C29: 5 | D29: =Telaah_UR!F39 -> Rumusan soal sudah mempertimbangkan segi bahasa dan budaya | E29: =Telaah_UR!AC39 -> 2 | F29: =Telaah_UR!AD39 -> 2 | G29: =Telaah_UR!AE39 -> 2 | H29: =Telaah_UR!AF39 -> 2 | I29: =Telaah_UR!AG39 -> 2 | J29: =Telaah_UR!AH39 | K29: =Telaah_UR!AI39 | L29: =Telaah_UR!AJ39 | ... X29: =Telaah_UR!AV39
C30: 6 | D30: =Telaah_UR!F41 -> Jangan menggunakan bahasa yang berlaku setempat | E30: =Telaah_UR!AC41 -> 2 | F30: =Telaah_UR!AD41 -> 2 | G30: =Telaah_UR!AE41 -> 2 | H30: =Telaah_UR!AF41 -> 2 | I30: =Telaah_UR!AG41 -> 2 | J30: =Telaah_UR!AH41 | K30: =Telaah_UR!AI41 | L30: =Telaah_UR!AJ41 | ... X30: =Telaah_UR!AV41
A31: E | B31: HOTS | C31: 1 | D31: =Telaah_UR!F43 -> Soal memuat stimulus (pernyataan, tabel, grafik, hasil dari percobaan yang dilakukan, laporan, bahan bacaan, hasil observasi, dll) menarik dan kontekstual | E31: =Telaah_UR!AC43 -> 2 | F31: =Telaah_UR!AD43 -> 2 | G31: =Telaah_UR!AE43 -> 2 | H31: =Telaah_UR!AF43 -> 2 | I31: =Telaah_UR!AG43 -> 2 | J31: =Telaah_UR!AH43 | K31: =Telaah_UR!AI43 | L31: =Telaah_UR!AJ43 | ... X31: =Telaah_UR!AV43
C32: 2 | D32: =Telaah_UR!F48 -> Soal mengukur cara berfikir logis atau proses penalaran | E32: =Telaah_UR!AC48 -> 2 | F32: =Telaah_UR!AD48 -> 2 | G32: =Telaah_UR!AE48 -> 2 | H32: =Telaah_UR!AF48 -> 2 | I32: =Telaah_UR!AG48 -> 2 | J32: =Telaah_UR!AH48 | K32: =Telaah_UR!AI48 | L32: =Telaah_UR!AJ48 | ... X32: =Telaah_UR!AV48
A33: F | B33: DIMENSI PROSES KOGNITIF | E33: =Telaah_UR!$CK$53 -> C6 | F33: =Telaah_UR!$CL$53 -> C1 | G33: =Telaah_UR!$CM$53 -> C1 | H33: =Telaah_UR!$CN$53 -> C1 | I33: =Telaah_UR!$CO$53 -> C2 | J33: =Telaah_UR!$CP$53 | K33: =Telaah_UR!$CQ$53 | L33: =Telaah_UR!$CR$53 | M33: =Telaah_UR!$CS$53 | N33: =Telaah_UR!$CT$53 | O33: =Telaah_UR!$CU$53 | P33: =Telaah_UR!$CV$53 | Q33: =Telaah_UR!$CW$53 | R33: =Telaah_UR!$CX$53 | S33: =Telaah_UR!$CY$53 | T33: =Telaah_UR!$CZ$53 | U33: =Telaah_UR!$DA$53 | V33: =Telaah_UR!$DB$53 | W33: =Telaah_UR!$DC$53 | X33: =Telaah_UR!$DD$53
B34: Jumlah Skor Hasil Telaan | E34: =SUM(E15:E32) -> 36 | F34: =SUM(F15:F32) -> 36 | G34: =SUM(G15:G32) -> 36 | H34: =SUM(H15:H32) -> 36 | I34: =SUM(I15:I32) -> 36 | J34: =SUM(J15:J32) -> 0 | K34: =SUM(K15:K32) -> 0 | L34: =SUM(L15:L32) -> 0 | ... X34: =SUM(X15:X32) -> 0
B35: Nilai Akhir | E35: =E34/36*100 -> 100 | F35: =F34/36*100 -> 100 | G35: =G34/36*100 -> 100 | H35: =H34/36*100 -> 100 | I35: =I34/36*100 -> 100 | J35: =J34/36*100 -> 0 | K35: =K34/36*100 -> 0 | L35: =L34/36*100 -> 0 | ... X35: =X34/36*100 -> 0
B36: Kategori *) | E36: =IF(E35="","",IF(E35<80.5,"D",IF(AND(E35>=80.5,E35<90.5),"R","G"))) -> G | F36: =IF(F35="","",IF(F35<80.5,"D",IF(AND(F35>=80.5,F35<90.5),"R","G"))) -> G | G36: =IF(G35="","",IF(G35<80.5,"D",IF(AND(G35>=80.5,G35<90.5),"R","G"))) -> G | H36: =IF(H35="","",IF(H35<80.5,"D",IF(AND(H35>=80.5,H35<90.5),"R","G"))) -> G | I36: =IF(I35="","",IF(I35<80.5,"D",IF(AND(I35>=80.5,I35<90.5),"R","G"))) -> G | J36: =IF(J35="","",IF(J35<80.5,"D",IF(AND(J35>=80.5,J35<90.5),"R","G"))) -> D | K36: =IF(K35="","",IF(K35<80.5,"D",IF(AND(K35>=80.5,K35<90.5),"R","G"))) -> D | L36: =IF(L35="","",IF(L35<80.5,"D",IF(AND(L35>=80.5,L35<90.5),"R","G"))) -> D | ... X36: =IF(X35="","",IF(X35<80.5,"D",IF(AND(X35>=80.5,X35<90.5),"R","G"))) -> D
B37: Tindak Lanjut **) | E37: =IF(E35=0,"",IF(E35<80.5,"Ditolak",IF(AND(E35>=80.5,E35<90.5),"Diperbaiki","Digunakan"))) -> Digunakan | F37: =IF(F35=0,"",IF(F35<80.5,"Ditolak",IF(AND(F35>=80.5,F35<90.5),"Diperbaiki","Digunakan"))) -> Digunakan | G37: =IF(G35=0,"",IF(G35<80.5,"Ditolak",IF(AND(G35>=80.5,G35<90.5),"Diperbaiki","Digunakan"))) -> Digunakan | H37: =IF(H35=0,"",IF(H35<80.5,"Ditolak",IF(AND(H35>=80.5,H35<90.5),"Diperbaiki","Digunakan"))) -> Digunakan | I37: =IF(I35=0,"",IF(I35<80.5,"Ditolak",IF(AND(I35>=80.5,I35<90.5),"Diperbaiki","Digunakan"))) -> Digunakan | J37: =IF(J35=0,"",IF(J35<80.5,"Ditolak",IF(AND(J35>=80.5,J35<90.5),"Diperbaiki","Digunakan"))) | K37: =IF(K35=0,"",IF(K35<80.5,"Ditolak",IF(AND(K35>=80.5,K35<90.5),"Diperbaiki","Digunakan"))) | L37: =IF(L35=0,"",IF(L35<80.5,"Ditolak",IF(AND(L35>=80.5,L35<90.5),"Diperbaiki","Digunakan"))) | ... X37: =IF(X35=0,"",IF(X35<80.5,"Ditolak",IF(AND(X35>=80.5,X35<90.5),"Diperbaiki","Digunakan")))
L39: =CONCATENATE(Biodata!C18,","," ",Biodata!C17 ) -> Wonogiri, 16 Maret 2021
B40: Mengetahui | E40: Mengetahui | L40: Tim Penyusun Soal US
B41: Pembina | E41: Penanggung Jawab/ Pendamping | L41: Penyusun Soal | S41: Penelaah Soal
B45: =Biodata!C7 -> Indah Darmawati, SE, M.Pd | E45: =Biodata!C8 -> Drs. Suyono, M.Si | L45: =Biodata!C10 -> Bhekti Tulus Martani, S.Pd. | S45: =Biodata!C11 -> Ade Setiyawan, S.Kom.
B46: =CONCATENATE("NIP"," ",Biodata!F7) -> NIP 19770316 200701 2 002 | E46: =CONCATENATE("NIP"," ",Biodata!F8) -> NIP 19630329 199512 1 003 | L46: =CONCATENATE("NIP"," ",Biodata!F10) -> NIP - | S46: =CONCATENATE("NIP"," ",Biodata!F11) -> NIP -
A48: Keterangan
A49: 1 | B49: Diterima | C49: : | D49: NA ≥ 91
A50: 2 | B50: Diperbaiki | C50: : | D50: 81 ≤ NA < 91
A51: 3 | B51: Ditolak | C51: : | D51: NA <81

Sheet Hasil_PG
A1: REKAPITULASI HASIL TELAAH BUTIR SOAL PILIHAN GANDA
A2: UJIAN SEKOLAH (US)
A3: =CONCATENATE("TAHUN PELAJARAN"," ",Biodata!C15) -> TAHUN PELAJARAN 2020/2021
A5: Sekolah | F5: =CONCATENATE(":"," ",Biodata!C4) -> : SMK NEGERI 1 JATIROTO
A6: Mata Pelajaran | F6: =CONCATENATE(":"," ",Biodata!C6) -> : Bahasa Inggris
A7: Jumlah Butir Soal | F7: =CONCATENATE(":"," ",Biodata!C12," ","butir") -> : 40 butir
A8: Penulis Kisi-kisi dan Soal | F8: =CONCATENATE(":"," ",Biodata!C10) -> : Bhekti Tulus Martani, S.Pd.
A9: Penelaah | F9: =CONCATENATE(":"," ",Biodata!C11) -> : Ade Setiyawan, S.Kom.
A11: Butir Soal | B11: Nilai Akhir | D11: Keterangan | E11: Dimensi Kognitif | G11: Rekomendasi | H11: Tindak Lanjut | J11: 1 | K11: 2 | L11: 3 | M11: 4 | S11: 1 | T11: 1 | U11: 2 | V11: 3 | W11: 4 | X11: 5 | Y11: 6 | Z11: 7 | AA11: 8 | AB11: 9 | AC11: 10 | AD11: 11 | AE11: 12 | AF11: 13 | AG11: 14 | AH11: 15 | AI11: 16 | AJ11: 17 | AK11: 18 | AL11: 19 | AM11: 20 | AN11: 21 | AO11: 22 | AP11: 23 | AQ11: 24 | AR11: 25 | AS11: 26 | AT11: 27 | AU11: 28 | AV11: 29 | AW11: 30 | AX11: 31 | AY11: 32 | AZ11: 33 | BA11: 34 | BB11: 35 | BC11: 36 | BD11: 37 | BE11: 38 | BF11: 39 | BG11: 40 | BH11: 41 | BI11: 42 | BJ11: 43 | BK11: 44 | BL11: 45 | BM11: 46 | BN11: 47 | BO11: 48 | BP11: 49 | BQ11: 50
E12: Proses Kognitif | F12: Level Kognitif
A13: 1 | B13: =Ins_PG!$E$37 -> 100 | E13: =Ins_PG!$E$35 -> C3 | F13: =IF(E13="","",IF(OR(E13="C1",E13="C2"),"Level 1",IF(E13="C3","Level 2",IF(OR(E13="C4",E13="C5",E13="C6"),"Level 3","")))) -> Level 2 | G13: =Ins_PG!$E$39 -> Digunakan | H13: =IF(G13="Ditolak","Soal No. 1 wajib diganti",IF(G13="Digunakan","Soal No. 1 wajib diujikan",IF(G13="Diperbaiki",J13,""))) -> Soal No. 1 wajib diujikan | J13: =IF(Telaah_PG!$JS$6="","",Telaah_PG!$JS$6) -> Soal No. 1 perlu perbaikan pada aspek HOTS | K13: =IF(AND(B13="Diperbaiki",HLOOKUP(A13,DataRek1,67)=""),HLOOKUP(A13,DataRek1,78)&", "&HLOOKUP(A13,DataRek1,83)&" Harus diperbaiki !",IF(B13="Diperbaiki",HLOOKUP(A13,DataRek1,67)&", "&HLOOKUP(A13,DataRek1,78)&", "&HLOOKUP(A13,DataRek1,83)&" Harus diperbaiki !","")) | L13: =IF(AND(B13="Diperbaiki",OR(HLOOKUP(A13,DataKet3,6,0)<2,HLOOKUP(A13,DataKet3,7,0)<1,HLOOKUP(A13,DataKet3,8,0)<1,HLOOKUP(A13,DataKet3,9,0)<1,HLOOKUP(A13,DataKet3,10,0)<1,HLOOKUP(A13,DataKet3,11,0)<1,HLOOKUP(A13,DataKet3,12,0)<1,HLOOKUP(A13,DataKet3,13,0)<1,HLOOKUP(A13,DataKet3,14,0)<2,HLOOKUP(A13,DataKet3,15,0)<1)),"Konstruksi Soal (aspek 5,6,7,8,9,10,11,12,13 dan/atau 14) ","") | M13: =IF(AND(B13="Diperbaiki",OR(HLOOKUP(A13,DataKet3,16,0)<>1,HLOOKUP(A13,DataKet3,17,0)<>1,HLOOKUP(A13,DataKet3,18,0)<>1)),"Aspek Bahasa Soal (aspek 15,16,17 dan/atau 18) ","") | N13: =IF(B13="Ditolak","Soal Ditolak",IF(AND(#REF!="",K13="",L13="",M13="",HLOOKUP(A13,DataRek1,50,0)=100),"Soal Dapat Digunakan",IF(AND(K13<>"",L13<>"",M13<>""),K13&", "&L13&", "&M13&" Harus Diperbaiki",IF(OR(K13<>"",L13<>"",M13<>""),K13&", "&L13&", "&M13&" Harus Diperbaiki","")))) -> #REF! | S13: 2 | T13: =[1]Instrumen!O12 -> 0 | U13: =[1]Instrumen!P12 -> 0 | V13: =[1]Instrumen!Q12 -> 0 | W13: =[1]Instrumen!R12 -> 0 | X13: =[1]Instrumen!S12 -> 0 | Y13: =[1]Instrumen!T12 -> 0 | Z13: =[1]Instrumen!U12 -> 0 | AA13: =[1]Instrumen!V12 -> 0 | ... BQ13: =[1]Instrumen!BL12 -> 0
A14: 2 | B14: =Ins_PG!$F$37 -> 100 | E14: =Ins_PG!$F$35 -> C2 | F14: =IF(E14="","",IF(OR(E14="C1",E14="C2"),"Level 1",IF(E14="C3","Level 2",IF(OR(E14="C4",E14="C5",E14="C6"),"Level 3","")))) -> Level 1 | G14: =Ins_PG!$F$39 -> Digunakan | H14: =IF(G14="Ditolak","Soal No. 2 wajib diganti",IF(G14="Digunakan","Soal No. 2 wajib diujikan",IF(G14="Diperbaiki",J14,""))) -> Soal No. 2 wajib diujikan | J14: =IF(Telaah_PG!$JT$6="","",Telaah_PG!$JT$6) -> Soal No. 2 perlu perbaikan pada aspek hal-hal penting, HOTS | K14: =IF(AND(B14="Diperbaiki",HLOOKUP(A14,DataRek1,67)=""),HLOOKUP(A14,DataRek1,78)&", "&HLOOKUP(A14,DataRek1,83)&" Harus diperbaiki !",IF(B14="Diperbaiki",HLOOKUP(A14,DataRek1,67)&", "&HLOOKUP(A14,DataRek1,78)&", "&HLOOKUP(A14,DataRek1,83)&" Harus diperbaiki !","")) | L14: =IF(AND(B14="Diperbaiki",OR(HLOOKUP(A14,DataKet3,6,0)<2,HLOOKUP(A14,DataKet3,7,0)<1,HLOOKUP(A14,DataKet3,8,0)<1,HLOOKUP(A14,DataKet3,9,0)<1,HLOOKUP(A14,DataKet3,10,0)<1,HLOOKUP(A14,DataKet3,11,0)<1,HLOOKUP(A14,DataKet3,12,0)<1,HLOOKUP(A14,DataKet3,13,0)<1,HLOOKUP(A14,DataKet3,14,0)<2,HLOOKUP(A14,DataKet3,15,0)<1)),"Konstruksi Soal (aspek 5,6,7,8,9,10,11,12,13 dan/atau 14) ","") | M14: =IF(AND(B14="Diperbaiki",OR(HLOOKUP(A14,DataKet3,16,0)<>1,HLOOKUP(A14,DataKet3,17,0)<>1,HLOOKUP(A14,DataKet3,18,0)<>1)),"Aspek Bahasa Soal (aspek 15,16,17 dan/atau 18) ","") | N14: =IF(B14="Ditolak","Soal Ditolak",IF(AND(#REF!="",K14="",L14="",M14="",HLOOKUP(A14,DataRek1,50,0)=100),"Soal Dapat Digunakan",IF(AND(K14<>"",L14<>"",M14<>""),K14&", "&L14&", "&M14&" Harus Diperbaiki",IF(OR(K14<>"",L14<>"",M14<>""),K14&", "&L14&", "&M14&" Harus Diperbaiki","")))) -> #REF! | S14: 3 | T14: =[1]Instrumen!O14 -> 0 | U14: =[1]Instrumen!P14 -> 0 | V14: =[1]Instrumen!Q14 -> 0 | W14: =[1]Instrumen!R14 -> 0 | X14: =[1]Instrumen!S14 -> 0 | Y14: =[1]Instrumen!T14 -> 0 | Z14: =[1]Instrumen!U14 -> 0 | AA14: =[1]Instrumen!V14 -> 0 | ... BQ14: =[1]Instrumen!BL14 -> 0
A15: 3 | B15: =Ins_PG!$G$37 -> 100 | E15: =Ins_PG!$G$35 -> C2 | F15: =IF(E15="","",IF(OR(E15="C1",E15="C2"),"Level 1",IF(E15="C3","Level 2",IF(OR(E15="C4",E15="C5",E15="C6"),"Level 3","")))) -> Level 1 | G15: =Ins_PG!$G$39 -> Digunakan | H15: =IF(G15="Ditolak","Soal No. 3 wajib diganti",IF(G15="Digunakan","Soal No. 3 wajib diujikan",IF(G15="Diperbaiki",J15,""))) -> Soal No. 3 wajib diujikan | J15: =IF(Telaah_PG!$JU$6="","",Telaah_PG!$JU$6) -> Soal No. 3 perlu perbaikan pada aspek hal-hal penting, HOTS | K15: =IF(AND(B15="Diperbaiki",HLOOKUP(A15,DataRek1,67)=""),HLOOKUP(A15,DataRek1,78)&", "&HLOOKUP(A15,DataRek1,83)&" Harus diperbaiki !",IF(B15="Diperbaiki",HLOOKUP(A15,DataRek1,67)&", "&HLOOKUP(A15,DataRek1,78)&", "&HLOOKUP(A15,DataRek1,83)&" Harus diperbaiki !","")) | L15: =IF(AND(B15="Diperbaiki",OR(HLOOKUP(A15,DataKet3,6,0)<2,HLOOKUP(A15,DataKet3,7,0)<1,HLOOKUP(A15,DataKet3,8,0)<1,HLOOKUP(A15,DataKet3,9,0)<1,HLOOKUP(A15,DataKet3,10,0)<1,HLOOKUP(A15,DataKet3,11,0)<1,HLOOKUP(A15,DataKet3,12,0)<1,HLOOKUP(A15,DataKet3,13,0)<1,HLOOKUP(A15,DataKet3,14,0)<2,HLOOKUP(A15,DataKet3,15,0)<1)),"Konstruksi Soal (aspek 5,6,7,8,9,10,11,12,13 dan/atau 14) ","") | M15: =IF(AND(B15="Diperbaiki",OR(HLOOKUP(A15,DataKet3,16,0)<>1,HLOOKUP(A15,DataKet3,17,0)<>1,HLOOKUP(A15,DataKet3,18,0)<>1)),"Aspek Bahasa Soal (aspek 15,16,17 dan/atau 18) ","") | N15: =IF(B15="Ditolak","Soal Ditolak",IF(AND(#REF!="",K15="",L15="",M15="",HLOOKUP(A15,DataRek1,50,0)=100),"Soal Dapat Digunakan",IF(AND(K15<>"",L15<>"",M15<>""),K15&", "&L15&", "&M15&" Harus Diperbaiki",IF(OR(K15<>"",L15<>"",M15<>""),K15&", "&L15&", "&M15&" Harus Diperbaiki","")))) -> #REF! | S15: 4 | T15: =[1]Instrumen!O16 -> 0 | U15: =[1]Instrumen!P16 -> 0 | V15: =[1]Instrumen!Q16 -> 0 | W15: =[1]Instrumen!R16 -> 0 | X15: =[1]Instrumen!S16 -> 0 | Y15: =[1]Instrumen!T16 -> 0 | Z15: =[1]Instrumen!U16 -> 0 | AA15: =[1]Instrumen!V16 -> 0 | ... BQ15: =[1]Instrumen!BL16 -> 0
A16: 4 | B16: =Ins_PG!$H$37 -> 100 | E16: =Ins_PG!$H$35 -> C2 | F16: =IF(E16="","",IF(OR(E16="C1",E16="C2"),"Level 1",IF(E16="C3","Level 2",IF(OR(E16="C4",E16="C5",E16="C6"),"Level 3","")))) -> Level 1 | G16: =Ins_PG!$H$39 -> Digunakan | H16: =IF(G16="Ditolak","Soal No. 4 wajib diganti",IF(G16="Digunakan","Soal No. 4 wajib diujikan",IF(G16="Diperbaiki",J16,""))) -> Soal No. 4 wajib diujikan | J16: =IF(Telaah_PG!$JV$6="","",Telaah_PG!$JV$6) -> Soal No. 4 perlu perbaikan pada aspek hal-hal penting, HOTS | K16: =IF(AND(B16="Diperbaiki",HLOOKUP(A16,DataRek1,67)=""),HLOOKUP(A16,DataRek1,78)&", "&HLOOKUP(A16,DataRek1,83)&" Harus diperbaiki !",IF(B16="Diperbaiki",HLOOKUP(A16,DataRek1,67)&", "&HLOOKUP(A16,DataRek1,78)&", "&HLOOKUP(A16,DataRek1,83)&" Harus diperbaiki !","")) | L16: =IF(AND(B16="Diperbaiki",OR(HLOOKUP(A16,DataKet3,6,0)<2,HLOOKUP(A16,DataKet3,7,0)<1,HLOOKUP(A16,DataKet3,8,0)<1,HLOOKUP(A16,DataKet3,9,0)<1,HLOOKUP(A16,DataKet3,10,0)<1,HLOOKUP(A16,DataKet3,11,0)<1,HLOOKUP(A16,DataKet3,12,0)<1,HLOOKUP(A16,DataKet3,13,0)<1,HLOOKUP(A16,DataKet3,14,0)<2,HLOOKUP(A16,DataKet3,15,0)<1)),"Konstruksi Soal (aspek 5,6,7,8,9,10,11,12,13 dan/atau 14) ","") | M16: =IF(AND(B16="Diperbaiki",OR(HLOOKUP(A16,DataKet3,16,0)<>1,HLOOKUP(A16,DataKet3,17,0)<>1,HLOOKUP(A16,DataKet3,18,0)<>1)),"Aspek Bahasa Soal (aspek 15,16,17 dan/atau 18) ","") | N16: =IF(B16="Ditolak","Soal Ditolak",IF(AND(#REF!="",K16="",L16="",M16="",HLOOKUP(A16,DataRek1,50,0)=100),"Soal Dapat Digunakan",IF(AND(K16<>"",L16<>"",M16<>""),K16&", "&L16&", "&M16&" Harus Diperbaiki",IF(OR(K16<>"",L16<>"",M16<>""),K16&", "&L16&", "&M16&" Harus Diperbaiki","")))) -> #REF! | S16: 5 | T16: =[1]Instrumen!O19 -> 0 | U16: =[1]Instrumen!P19 -> 0 | V16: =[1]Instrumen!Q19 -> 0 | W16: =[1]Instrumen!R19 -> 0 | X16: =[1]Instrumen!S19 -> 0 | Y16: =[1]Instrumen!T19 -> 0 | Z16: =[1]Instrumen!U19 -> 0 | AA16: =[1]Instrumen!V19 -> 0 | ... BQ16: =[1]Instrumen!BL19 -> 0
A17: 5 | B17: =Ins_PG!$I$37 -> 100 | E17: =Ins_PG!$I$35 -> C2 | F17: =IF(E17="","",IF(OR(E17="C1",E17="C2"),"Level 1",IF(E17="C3","Level 2",IF(OR(E17="C4",E17="C5",E17="C6"),"Level 3","")))) -> Level 1 | G17: =Ins_PG!$I$39 -> Digunakan | H17: =IF(G17="Ditolak","Soal No. 5 wajib diganti",IF(G17="Digunakan","Soal No. 5 wajib diujikan",IF(G17="Diperbaiki",J17,""))) -> Soal No. 5 wajib diujikan | J17: =IF(Telaah_PG!$JW$6="","",Telaah_PG!$JW$6) -> Soal No. 5 perlu perbaikan pada aspek hal-hal penting, HOTS | K17: =IF(AND(B17="Diperbaiki",HLOOKUP(A17,DataRek1,67)=""),HLOOKUP(A17,DataRek1,78)&", "&HLOOKUP(A17,DataRek1,83)&" Harus diperbaiki !",IF(B17="Diperbaiki",HLOOKUP(A17,DataRek1,67)&", "&HLOOKUP(A17,DataRek1,78)&", "&HLOOKUP(A17,DataRek1,83)&" Harus diperbaiki !","")) | L17: =IF(AND(B17="Diperbaiki",OR(HLOOKUP(A17,DataKet3,6,0)<2,HLOOKUP(A17,DataKet3,7,0)<1,HLOOKUP(A17,DataKet3,8,0)<1,HLOOKUP(A17,DataKet3,9,0)<1,HLOOKUP(A17,DataKet3,10,0)<1,HLOOKUP(A17,DataKet3,11,0)<1,HLOOKUP(A17,DataKet3,12,0)<1,HLOOKUP(A17,DataKet3,13,0)<1,HLOOKUP(A17,DataKet3,14,0)<2,HLOOKUP(A17,DataKet3,15,0)<1)),"Konstruksi Soal (aspek 5,6,7,8,9,10,11,12,13 dan/atau 14) ","") | M17: =IF(AND(B17="Diperbaiki",OR(HLOOKUP(A17,DataKet3,16,0)<>1,HLOOKUP(A17,DataKet3,17,0)<>1,HLOOKUP(A17,DataKet3,18,0)<>1)),"Aspek Bahasa Soal (aspek 15,16,17 dan/atau 18) ","") | N17: =IF(B17="Ditolak","Soal Ditolak",IF(AND(#REF!="",K17="",L17="",M17="",HLOOKUP(A17,DataRek1,50,0)=100),"Soal Dapat Digunakan",IF(AND(K17<>"",L17<>"",M17<>""),K17&", "&L17&", "&M17&" Harus Diperbaiki",IF(OR(K17<>"",L17<>"",M17<>""),K17&", "&L17&", "&M17&" Harus Diperbaiki","")))) -> #REF! | S17: 6 | T17: =[1]Instrumen!O23 -> 0 | U17: =[1]Instrumen!P23 -> 0 | V17: =[1]Instrumen!Q23 -> 0 | W17: =[1]Instrumen!R23 -> 0 | X17: =[1]Instrumen!S23 -> 0 | Y17: =[1]Instrumen!T23 -> 0 | Z17: =[1]Instrumen!U23 -> 0 | AA17: =[1]Instrumen!V23 -> 0 | ... BQ17: =[1]Instrumen!BL23 -> 0
A18: 6 | B18: =Ins_PG!$J$37 -> 100 | E18: =Ins_PG!$J$35 -> C4 | F18: =IF(E18="","",IF(OR(E18="C1",E18="C2"),"Level 1",IF(E18="C3","Level 2",IF(OR(E18="C4",E18="C5",E18="C6"),"Level 3","")))) -> Level 3 | G18: =Ins_PG!$J$39 -> Digunakan | H18: =IF(G18="Ditolak","Soal No. 6 wajib diganti",IF(G18="Digunakan","Soal No. 6 wajib diujikan",IF(G18="Diperbaiki",J18,""))) -> Soal No. 6 wajib diujikan | J18: =IF(Telaah_PG!$JX$6="","",Telaah_PG!$JX$6) -> Soal No. 6 perlu perbaikan pada aspek hal-hal penting, HOTS | K18: =IF(AND(B18="Diperbaiki",HLOOKUP(A18,DataRek1,67)=""),HLOOKUP(A18,DataRek1,78)&", "&HLOOKUP(A18,DataRek1,83)&" Harus diperbaiki !",IF(B18="Diperbaiki",HLOOKUP(A18,DataRek1,67)&", "&HLOOKUP(A18,DataRek1,78)&", "&HLOOKUP(A18,DataRek1,83)&" Harus diperbaiki !","")) | L18: =IF(AND(B18="Diperbaiki",OR(HLOOKUP(A18,DataKet3,6,0)<2,HLOOKUP(A18,DataKet3,7,0)<1,HLOOKUP(A18,DataKet3,8,0)<1,HLOOKUP(A18,DataKet3,9,0)<1,HLOOKUP(A18,DataKet3,10,0)<1,HLOOKUP(A18,DataKet3,11,0)<1,HLOOKUP(A18,DataKet3,12,0)<1,HLOOKUP(A18,DataKet3,13,0)<1,HLOOKUP(A18,DataKet3,14,0)<2,HLOOKUP(A18,DataKet3,15,0)<1)),"Konstruksi Soal (aspek 5,6,7,8,9,10,11,12,13 dan/atau 14) ","") | M18: =IF(AND(B18="Diperbaiki",OR(HLOOKUP(A18,DataKet3,16,0)<>1,HLOOKUP(A18,DataKet3,17,0)<>1,HLOOKUP(A18,DataKet3,18,0)<>1)),"Aspek Bahasa Soal (aspek 15,16,17 dan/atau 18) ","") | N18: =IF(B18="Ditolak","Soal Ditolak",IF(AND(#REF!="",K18="",L18="",M18="",HLOOKUP(A18,DataRek1,50,0)=100),"Soal Dapat Digunakan",IF(AND(K18<>"",L18<>"",M18<>""),K18&", "&L18&", "&M18&" Harus Diperbaiki",IF(OR(K18<>"",L18<>"",M18<>""),K18&", "&L18&", "&M18&" Harus Diperbaiki","")))) -> #REF! | S18: 7 | T18: =[1]Instrumen!O25 -> 0 | U18: =[1]Instrumen!P25 -> 0 | V18: =[1]Instrumen!Q25 -> 0 | W18: =[1]Instrumen!R25 -> 0 | X18: =[1]Instrumen!S25 -> 0 | Y18: =[1]Instrumen!T25 -> 0 | Z18: =[1]Instrumen!U25 -> 0 | AA18: =[1]Instrumen!V25 -> 0 | ... BQ18: =[1]Instrumen!BL25 -> 0
A19: 7 | B19: =Ins_PG!$K$37 -> 100 | E19: =Ins_PG!$K$35 -> C4 | F19: =IF(E19="","",IF(OR(E19="C1",E19="C2"),"Level 1",IF(E19="C3","Level 2",IF(OR(E19="C4",E19="C5",E19="C6"),"Level 3","")))) -> Level 3 | G19: =Ins_PG!$K$39 -> Digunakan | H19: =IF(G19="Ditolak","Soal No. 7 wajib diganti",IF(G19="Digunakan","Soal No. 7 wajib diujikan",IF(G19="Diperbaiki",J19,""))) -> Soal No. 7 wajib diujikan | J19: =IF(Telaah_PG!$JY$6="","",Telaah_PG!$JY$6) -> Soal No. 7 perlu perbaikan pada aspek hal-hal penting, HOTS | K19: =IF(AND(B19="Diperbaiki",HLOOKUP(A19,DataRek1,67)=""),HLOOKUP(A19,DataRek1,78)&", "&HLOOKUP(A19,DataRek1,83)&" Harus diperbaiki !",IF(B19="Diperbaiki",HLOOKUP(A19,DataRek1,67)&", "&HLOOKUP(A19,DataRek1,78)&", "&HLOOKUP(A19,DataRek1,83)&" Harus diperbaiki !","")) | L19: =IF(AND(B19="Diperbaiki",OR(HLOOKUP(A19,DataKet3,6,0)<2,HLOOKUP(A19,DataKet3,7,0)<1,HLOOKUP(A19,DataKet3,8,0)<1,HLOOKUP(A19,DataKet3,9,0)<1,HLOOKUP(A19,DataKet3,10,0)<1,HLOOKUP(A19,DataKet3,11,0)<1,HLOOKUP(A19,DataKet3,12,0)<1,HLOOKUP(A19,DataKet3,13,0)<1,HLOOKUP(A19,DataKet3,14,0)<2,HLOOKUP(A19,DataKet3,15,0)<1)),"Konstruksi Soal (aspek 5,6,7,8,9,10,11,12,13 dan/atau 14) ","") | M19: =IF(AND(B19="Diperbaiki",OR(HLOOKUP(A19,DataKet3,16,0)<>1,HLOOKUP(A19,DataKet3,17,0)<>1,HLOOKUP(A19,DataKet3,18,0)<>1)),"Aspek Bahasa Soal (aspek 15,16,17 dan/atau 18) ","") | N19: =IF(B19="Ditolak","Soal Ditolak",IF(AND(#REF!="",K19="",L19="",M19="",HLOOKUP(A19,DataRek1,50,0)=100),"Soal Dapat Digunakan",IF(AND(K19<>"",L19<>"",M19<>""),K19&", "&L19&", "&M19&" Harus Diperbaiki",IF(OR(K19<>"",L19<>"",M19<>""),K19&", "&L19&", "&M19&" Harus Diperbaiki","")))) -> #REF! | S19: 8 | T19: =[1]Instrumen!O27 -> 0 | U19: =[1]Instrumen!P27 -> 0 | V19: =[1]Instrumen!Q27 -> 0 | W19: =[1]Instrumen!R27 -> 0 | X19: =[1]Instrumen!S27 -> 0 | Y19: =[1]Instrumen!T27 -> 0 | Z19: =[1]Instrumen!U27 -> 0 | AA19: =[1]Instrumen!V27 -> 0 | ... BQ19: =[1]Instrumen!BL27 -> 0
A20: 8 | B20: =Ins_PG!$L$37 -> 100 | E20: =Ins_PG!$L$35 -> C3 | F20: =IF(E20="","",IF(OR(E20="C1",E20="C2"),"Level 1",IF(E20="C3","Level 2",IF(OR(E20="C4",E20="C5",E20="C6"),"Level 3","")))) -> Level 2 | G20: =Ins_PG!$L$39 -> Digunakan | H20: =IF(G20="Ditolak","Soal No. 8 wajib diganti",IF(G20="Digunakan","Soal No. 8 wajib diujikan",IF(G20="Diperbaiki",J20,""))) -> Soal No. 8 wajib diujikan | J20: =IF(Telaah_PG!$JZ$6="","",Telaah_PG!$JZ$6) -> Soal No. 8 perlu perbaikan pada aspek hal-hal penting, HOTS | K20: =IF(AND(B20="Diperbaiki",HLOOKUP(A20,DataRek1,67)=""),HLOOKUP(A20,DataRek1,78)&", "&HLOOKUP(A20,DataRek1,83)&" Harus diperbaiki !",IF(B20="Diperbaiki",HLOOKUP(A20,DataRek1,67)&", "&HLOOKUP(A20,DataRek1,78)&", "&HLOOKUP(A20,DataRek1,83)&" Harus diperbaiki !","")) | L20: =IF(AND(B20="Diperbaiki",OR(HLOOKUP(A20,DataKet3,6,0)<2,HLOOKUP(A20,DataKet3,7,0)<1,HLOOKUP(A20,DataKet3,8,0)<1,HLOOKUP(A20,DataKet3,9,0)<1,HLOOKUP(A20,DataKet3,10,0)<1,HLOOKUP(A20,DataKet3,11,0)<1,HLOOKUP(A20,DataKet3,12,0)<1,HLOOKUP(A20,DataKet3,13,0)<1,HLOOKUP(A20,DataKet3,14,0)<2,HLOOKUP(A20,DataKet3,15,0)<1)),"Konstruksi Soal (aspek 5,6,7,8,9,10,11,12,13 dan/atau 14) ","") | M20: =IF(AND(B20="Diperbaiki",OR(HLOOKUP(A20,DataKet3,16,0)<>1,HLOOKUP(A20,DataKet3,17,0)<>1,HLOOKUP(A20,DataKet3,18,0)<>1)),"Aspek Bahasa Soal (aspek 15,16,17 dan/atau 18) ","") | N20: =IF(B20="Ditolak","Soal Ditolak",IF(AND(#REF!="",K20="",L20="",M20="",HLOOKUP(A20,DataRek1,50,0)=100),"Soal Dapat Digunakan",IF(AND(K20<>"",L20<>"",M20<>""),K20&", "&L20&", "&M20&" Harus Diperbaiki",IF(OR(K20<>"",L20<>"",M20<>""),K20&", "&L20&", "&M20&" Harus Diperbaiki","")))) -> #REF! | S20: 9 | T20: =[1]Instrumen!O29 -> 0 | U20: =[1]Instrumen!P29 -> 0 | V20: =[1]Instrumen!Q29 -> 0 | W20: =[1]Instrumen!R29 -> 0 | X20: =[1]Instrumen!S29 -> 0 | Y20: =[1]Instrumen!T29 -> 0 | Z20: =[1]Instrumen!U29 -> 0 | AA20: =[1]Instrumen!V29 -> 0 | ... BQ20: =[1]Instrumen!BL29 -> 0
A21: 9 | B21: =Ins_PG!$M$37 -> 100 | E21: =Ins_PG!$M$35 -> C3 | F21: =IF(E21="","",IF(OR(E21="C1",E21="C2"),"Level 1",IF(E21="C3","Level 2",IF(OR(E21="C4",E21="C5",E21="C6"),"Level 3","")))) -> Level 2 | G21: =Ins_PG!$M$39 -> Digunakan | H21: =IF(G21="Ditolak","Soal No. 9 wajib diganti",IF(G21="Digunakan","Soal No. 9 wajib diujikan",IF(G21="Diperbaiki",J21,""))) -> Soal No. 9 wajib diujikan | J21: =IF(Telaah_PG!$KA$6="","",Telaah_PG!$KA$6) -> Soal No. 9 perlu perbaikan pada aspek hal-hal penting, HOTS | K21: =IF(AND(B21="Diperbaiki",HLOOKUP(A21,DataRek1,67)=""),HLOOKUP(A21,DataRek1,78)&", "&HLOOKUP(A21,DataRek1,83)&" Harus diperbaiki !",IF(B21="Diperbaiki",HLOOKUP(A21,DataRek1,67)&", "&HLOOKUP(A21,DataRek1,78)&", "&HLOOKUP(A21,DataRek1,83)&" Harus diperbaiki !","")) | L21: =IF(AND(B21="Diperbaiki",OR(HLOOKUP(A21,DataKet3,6,0)<2,HLOOKUP(A21,DataKet3,7,0)<1,HLOOKUP(A21,DataKet3,8,0)<1,HLOOKUP(A21,DataKet3,9,0)<1,HLOOKUP(A21,DataKet3,10,0)<1,HLOOKUP(A21,DataKet3,11,0)<1,HLOOKUP(A21,DataKet3,12,0)<1,HLOOKUP(A21,DataKet3,13,0)<1,HLOOKUP(A21,DataKet3,14,0)<2,HLOOKUP(A21,DataKet3,15,0)<1)),"Konstruksi Soal (aspek 5,6,7,8,9,10,11,12,13 dan/atau 14) ","") | M21: =IF(AND(B21="Diperbaiki",OR(HLOOKUP(A21,DataKet3,16,0)<>1,HLOOKUP(A21,DataKet3,17,0)<>1,HLOOKUP(A21,DataKet3,18,0)<>1)),"Aspek Bahasa Soal (aspek 15,16,17 dan/atau 18) ","") | N21: =IF(B21="Ditolak","Soal Ditolak",IF(AND(#REF!="",K21="",L21="",M21="",HLOOKUP(A21,DataRek1,50,0)=100),"Soal Dapat Digunakan",IF(AND(K21<>"",L21<>"",M21<>""),K21&", "&L21&", "&M21&" Harus Diperbaiki",IF(OR(K21<>"",L21<>"",M21<>""),K21&", "&L21&", "&M21&" Harus Diperbaiki","")))) -> #REF! | S21: 10 | T21: =[1]Instrumen!O32 -> 0 | U21: =[1]Instrumen!P32 -> 0 | V21: =[1]Instrumen!Q32 -> 0 | W21: =[1]Instrumen!R32 -> 0 | X21: =[1]Instrumen!S32 -> 0 | Y21: =[1]Instrumen!T32 -> 0 | Z21: =[1]Instrumen!U32 -> 0 | AA21: =[1]Instrumen!V32 -> 0 | ... BQ21: =[1]Instrumen!BL32 -> 0
A22: 10 | B22: =Ins_PG!$N$37 -> 100 | E22: =Ins_PG!$N$35 -> C3 | F22: =IF(E22="","",IF(OR(E22="C1",E22="C2"),"Level 1",IF(E22="C3","Level 2",IF(OR(E22="C4",E22="C5",E22="C6"),"Level 3","")))) -> Level 2 | G22: =Ins_PG!$N$39 -> Digunakan | H22: =IF(G22="Ditolak","Soal No. 10 wajib diganti",IF(G22="Digunakan","Soal No. 10 wajib diujikan",IF(G22="Diperbaiki",J22,""))) -> Soal No. 10 wajib diujikan | J22: =IF(Telaah_PG!$KB$6="","",Telaah_PG!$KB$6) -> Soal No. 10 perlu perbaikan pada aspek hal-hal penting, HOTS | K22: =IF(AND(B22="Diperbaiki",HLOOKUP(A22,DataRek1,67)=""),HLOOKUP(A22,DataRek1,78)&", "&HLOOKUP(A22,DataRek1,83)&" Harus diperbaiki !",IF(B22="Diperbaiki",HLOOKUP(A22,DataRek1,67)&", "&HLOOKUP(A22,DataRek1,78)&", "&HLOOKUP(A22,DataRek1,83)&" Harus diperbaiki !","")) | L22: =IF(AND(B22="Diperbaiki",OR(HLOOKUP(A22,DataKet3,6,0)<2,HLOOKUP(A22,DataKet3,7,0)<1,HLOOKUP(A22,DataKet3,8,0)<1,HLOOKUP(A22,DataKet3,9,0)<1,HLOOKUP(A22,DataKet3,10,0)<1,HLOOKUP(A22,DataKet3,11,0)<1,HLOOKUP(A22,DataKet3,12,0)<1,HLOOKUP(A22,DataKet3,13,0)<1,HLOOKUP(A22,DataKet3,14,0)<2,HLOOKUP(A22,DataKet3,15,0)<1)),"Konstruksi Soal (aspek 5,6,7,8,9,10,11,12,13 dan/atau 14) ","") | M22: =IF(AND(B22="Diperbaiki",OR(HLOOKUP(A22,DataKet3,16,0)<>1,HLOOKUP(A22,DataKet3,17,0)<>1,HLOOKUP(A22,DataKet3,18,0)<>1)),"Aspek Bahasa Soal (aspek 15,16,17 dan/atau 18) ","") | N22: =IF(B22="Ditolak","Soal Ditolak",IF(AND(#REF!="",K22="",L22="",M22="",HLOOKUP(A22,DataRek1,50,0)=100),"Soal Dapat Digunakan",IF(AND(K22<>"",L22<>"",M22<>""),K22&", "&L22&", "&M22&" Harus Diperbaiki",IF(OR(K22<>"",L22<>"",M22<>""),K22&", "&L22&", "&M22&" Harus Diperbaiki","")))) -> #REF! | S22: 11 | T22: =[1]Instrumen!O34 -> 0 | U22: =[1]Instrumen!P34 -> 0 | V22: =[1]Instrumen!Q34 -> 0 | W22: =[1]Instrumen!R34 -> 0 | X22: =[1]Instrumen!S34 -> 0 | Y22: =[1]Instrumen!T34 -> 0 | Z22: =[1]Instrumen!U34 -> 0 | AA22: =[1]Instrumen!V34 -> 0 | ... BQ22: =[1]Instrumen!BL34 -> 0
A23: 11 | B23: =Ins_PG!$O$37 -> 100 | E23: =Ins_PG!$O$35 -> C3 | F23: =IF(E23="","",IF(OR(E23="C1",E23="C2"),"Level 1",IF(E23="C3","Level 2",IF(OR(E23="C4",E23="C5",E23="C6"),"Level 3","")))) -> Level 2 | G23: =Ins_PG!$O$39 -> Digunakan | H23: =IF(G23="Ditolak","Soal No. 11 wajib diganti",IF(G23="Digunakan","Soal No. 11 wajib diujikan",IF(G23="Diperbaiki",J23,""))) -> Soal No. 11 wajib diujikan | J23: =IF(Telaah_PG!$KC$6="","",Telaah_PG!$KC$6) -> Soal No. 11 perlu perbaikan pada aspek hal-hal penting, HOTS | K23: =IF(AND(B23="Diperbaiki",HLOOKUP(A23,DataRek1,67)=""),HLOOKUP(A23,DataRek1,78)&", "&HLOOKUP(A23,DataRek1,83)&" Harus diperbaiki !",IF(B23="Diperbaiki",HLOOKUP(A23,DataRek1,67)&", "&HLOOKUP(A23,DataRek1,78)&", "&HLOOKUP(A23,DataRek1,83)&" Harus diperbaiki !","")) | L23: =IF(AND(B23="Diperbaiki",OR(HLOOKUP(A23,DataKet3,6,0)<2,HLOOKUP(A23,DataKet3,7,0)<1,HLOOKUP(A23,DataKet3,8,0)<1,HLOOKUP(A23,DataKet3,9,0)<1,HLOOKUP(A23,DataKet3,10,0)<1,HLOOKUP(A23,DataKet3,11,0)<1,HLOOKUP(A23,DataKet3,12,0)<1,HLOOKUP(A23,DataKet3,13,0)<1,HLOOKUP(A23,DataKet3,14,0)<2,HLOOKUP(A23,DataKet3,15,0)<1)),"Konstruksi Soal (aspek 5,6,7,8,9,10,11,12,13 dan/atau 14) ","") | M23: =IF(AND(B23="Diperbaiki",OR(HLOOKUP(A23,DataKet3,16,0)<>1,HLOOKUP(A23,DataKet3,17,0)<>1,HLOOKUP(A23,DataKet3,18,0)<>1)),"Aspek Bahasa Soal (aspek 15,16,17 dan/atau 18) ","") | N23: =IF(B23="Ditolak","Soal Ditolak",IF(AND(#REF!="",K23="",L23="",M23="",HLOOKUP(A23,DataRek1,50,0)=100),"Soal Dapat Digunakan",IF(AND(K23<>"",L23<>"",M23<>""),K23&", "&L23&", "&M23&" Harus Diperbaiki",IF(OR(K23<>"",L23<>"",M23<>""),K23&", "&L23&", "&M23&" Harus Diperbaiki","")))) -> #REF! | S23: 12 | T23: =[1]Instrumen!O36 -> 0 | U23: =[1]Instrumen!P36 -> 0 | V23: =[1]Instrumen!Q36 -> 0 | W23: =[1]Instrumen!R36 -> 0 | X23: =[1]Instrumen!S36 -> 0 | Y23: =[1]Instrumen!T36 -> 0 | Z23: =[1]Instrumen!U36 -> 0 | AA23: =[1]Instrumen!V36 -> 0 | ... BQ23: =[1]Instrumen!BL36 -> 0
A24: 12 | B24: =Ins_PG!$P$37 -> 100 | E24: =Ins_PG!$P$35 -> C3 | F24: =IF(E24="","",IF(OR(E24="C1",E24="C2"),"Level 1",IF(E24="C3","Level 2",IF(OR(E24="C4",E24="C5",E24="C6"),"Level 3","")))) -> Level 2 | G24: =Ins_PG!$P$39 -> Digunakan | H24: =IF(G24="Ditolak","Soal No. 12 wajib diganti",IF(G24="Digunakan","Soal No. 12 wajib diujikan",IF(G24="Diperbaiki",J24,""))) -> Soal No. 12 wajib diujikan | J24: =IF(Telaah_PG!$KD$6="","",Telaah_PG!$KD$6) -> Soal No. 12 perlu perbaikan pada aspek hal-hal penting, HOTS | K24: =IF(AND(B24="Diperbaiki",HLOOKUP(A24,DataRek1,67)=""),HLOOKUP(A24,DataRek1,78)&", "&HLOOKUP(A24,DataRek1,83)&" Harus diperbaiki !",IF(B24="Diperbaiki",HLOOKUP(A24,DataRek1,67)&", "&HLOOKUP(A24,DataRek1,78)&", "&HLOOKUP(A24,DataRek1,83)&" Harus diperbaiki !","")) | L24: =IF(AND(B24="Diperbaiki",OR(HLOOKUP(A24,DataKet3,6,0)<2,HLOOKUP(A24,DataKet3,7,0)<1,HLOOKUP(A24,DataKet3,8,0)<1,HLOOKUP(A24,DataKet3,9,0)<1,HLOOKUP(A24,DataKet3,10,0)<1,HLOOKUP(A24,DataKet3,11,0)<1,HLOOKUP(A24,DataKet3,12,0)<1,HLOOKUP(A24,DataKet3,13,0)<1,HLOOKUP(A24,DataKet3,14,0)<2,HLOOKUP(A24,DataKet3,15,0)<1)),"Konstruksi Soal (aspek 5,6,7,8,9,10,11,12,13 dan/atau 14) ","") | M24: =IF(AND(B24="Diperbaiki",OR(HLOOKUP(A24,DataKet3,16,0)<>1,HLOOKUP(A24,DataKet3,17,0)<>1,HLOOKUP(A24,DataKet3,18,0)<>1)),"Aspek Bahasa Soal (aspek 15,16,17 dan/atau 18) ","") | N24: =IF(B24="Ditolak","Soal Ditolak",IF(AND(#REF!="",K24="",L24="",M24="",HLOOKUP(A24,DataRek1,50,0)=100),"Soal Dapat Digunakan",IF(AND(K24<>"",L24<>"",M24<>""),K24&", "&L24&", "&M24&" Harus Diperbaiki",IF(OR(K24<>"",L24<>"",M24<>""),K24&", "&L24&", "&M24&" Harus Diperbaiki","")))) -> #REF! | S24: 13 | T24: =[1]Instrumen!O39 -> 0 | U24: =[1]Instrumen!P39 -> 0 | V24: =[1]Instrumen!Q39 -> 0 | W24: =[1]Instrumen!R39 -> 0 | X24: =[1]Instrumen!S39 -> 0 | Y24: =[1]Instrumen!T39 -> 0 | Z24: =[1]Instrumen!U39 -> 0 | AA24: =[1]Instrumen!V39 -> 0 | ... BQ24: =[1]Instrumen!BL39 -> 0
A25: 13 | B25: =Ins_PG!$Q$37 -> 100 | E25: =Ins_PG!$Q$35 -> C3 | F25: =IF(E25="","",IF(OR(E25="C1",E25="C2"),"Level 1",IF(E25="C3","Level 2",IF(OR(E25="C4",E25="C5",E25="C6"),"Level 3","")))) -> Level 2 | G25: =Ins_PG!$Q$39 -> Digunakan | H25: =IF(G25="Ditolak","Soal No. 13 wajib diganti",IF(G25="Digunakan","Soal No. 13 wajib diujikan",IF(G25="Diperbaiki",J25,""))) -> Soal No. 13 wajib diujikan | J25: =IF(Telaah_PG!$KE$6="","",Telaah_PG!$KE$6) -> Soal No. 13 perlu perbaikan pada aspek hal-hal penting, HOTS | K25: =IF(AND(B25="Diperbaiki",HLOOKUP(A25,DataRek1,67)=""),HLOOKUP(A25,DataRek1,78)&", "&HLOOKUP(A25,DataRek1,83)&" Harus diperbaiki !",IF(B25="Diperbaiki",HLOOKUP(A25,DataRek1,67)&", "&HLOOKUP(A25,DataRek1,78)&", "&HLOOKUP(A25,DataRek1,83)&" Harus diperbaiki !","")) | L25: =IF(AND(B25="Diperbaiki",OR(HLOOKUP(A25,DataKet3,6,0)<2,HLOOKUP(A25,DataKet3,7,0)<1,HLOOKUP(A25,DataKet3,8,0)<1,HLOOKUP(A25,DataKet3,9,0)<1,HLOOKUP(A25,DataKet3,10,0)<1,HLOOKUP(A25,DataKet3,11,0)<1,HLOOKUP(A25,DataKet3,12,0)<1,HLOOKUP(A25,DataKet3,13,0)<1,HLOOKUP(A25,DataKet3,14,0)<2,HLOOKUP(A25,DataKet3,15,0)<1)),"Konstruksi Soal (aspek 5,6,7,8,9,10,11,12,13 dan/atau 14) ","") | M25: =IF(AND(B25="Diperbaiki",OR(HLOOKUP(A25,DataKet3,16,0)<>1,HLOOKUP(A25,DataKet3,17,0)<>1,HLOOKUP(A25,DataKet3,18,0)<>1)),"Aspek Bahasa Soal (aspek 15,16,17 dan/atau 18) ","") | N25: =IF(B25="Ditolak","Soal Ditolak",IF(AND(#REF!="",K25="",L25="",M25="",HLOOKUP(A25,DataRek1,50,0)=100),"Soal Dapat Digunakan",IF(AND(K25<>"",L25<>"",M25<>""),K25&", "&L25&", "&M25&" Harus Diperbaiki",IF(OR(K25<>"",L25<>"",M25<>""),K25&", "&L25&", "&M25&" Harus Diperbaiki","")))) -> #REF! | S25: 14 | T25: =[1]Instrumen!O42 -> 0 | U25: =[1]Instrumen!P42 -> 0 | V25: =[1]Instrumen!Q42 -> 0 | W25: =[1]Instrumen!R42 -> 0 | X25: =[1]Instrumen!S42 -> 0 | Y25: =[1]Instrumen!T42 -> 0 | Z25: =[1]Instrumen!U42 -> 0 | AA25: =[1]Instrumen!V42 -> 0 | ... BQ25: =[1]Instrumen!BL42 -> 0
A26: 14 | B26: =Ins_PG!$R$37 -> 100 | E26: =Ins_PG!$R$35 -> C3 | F26: =IF(E26="","",IF(OR(E26="C1",E26="C2"),"Level 1",IF(E26="C3","Level 2",IF(OR(E26="C4",E26="C5",E26="C6"),"Level 3","")))) -> Level 2 | G26: =Ins_PG!$R$39 -> Digunakan | H26: =IF(G26="Ditolak","Soal No. 14 wajib diganti",IF(G26="Digunakan","Soal No. 14 wajib diujikan",IF(G26="Diperbaiki",J26,""))) -> Soal No. 14 wajib diujikan | J26: =IF(Telaah_PG!$KF$6="","",Telaah_PG!$KF$6) -> Soal No. 14 perlu perbaikan pada aspek hal-hal penting, HOTS | K26: =IF(AND(B26="Diperbaiki",HLOOKUP(A26,DataRek1,67)=""),HLOOKUP(A26,DataRek1,78)&", "&HLOOKUP(A26,DataRek1,83)&" Harus diperbaiki !",IF(B26="Diperbaiki",HLOOKUP(A26,DataRek1,67)&", "&HLOOKUP(A26,DataRek1,78)&", "&HLOOKUP(A26,DataRek1,83)&" Harus diperbaiki !","")) | L26: =IF(AND(B26="Diperbaiki",OR(HLOOKUP(A26,DataKet3,6,0)<2,HLOOKUP(A26,DataKet3,7,0)<1,HLOOKUP(A26,DataKet3,8,0)<1,HLOOKUP(A26,DataKet3,9,0)<1,HLOOKUP(A26,DataKet3,10,0)<1,HLOOKUP(A26,DataKet3,11,0)<1,HLOOKUP(A26,DataKet3,12,0)<1,HLOOKUP(A26,DataKet3,13,0)<1,HLOOKUP(A26,DataKet3,14,0)<2,HLOOKUP(A26,DataKet3,15,0)<1)),"Konstruksi Soal (aspek 5,6,7,8,9,10,11,12,13 dan/atau 14) ","") | M26: =IF(AND(B26="Diperbaiki",OR(HLOOKUP(A26,DataKet3,16,0)<>1,HLOOKUP(A26,DataKet3,17,0)<>1,HLOOKUP(A26,DataKet3,18,0)<>1)),"Aspek Bahasa Soal (aspek 15,16,17 dan/atau 18) ","") | N26: =IF(B26="Ditolak","Soal Ditolak",IF(AND(#REF!="",K26="",L26="",M26="",HLOOKUP(A26,DataRek1,50,0)=100),"Soal Dapat Digunakan",IF(AND(K26<>"",L26<>"",M26<>""),K26&", "&L26&", "&M26&" Harus Diperbaiki",IF(OR(K26<>"",L26<>"",M26<>""),K26&", "&L26&", "&M26&" Harus Diperbaiki","")))) -> #REF! | S26: 15 | T26: =[1]Instrumen!O45 -> 0 | U26: =[1]Instrumen!P45 -> 0 | V26: =[1]Instrumen!Q45 -> 0 | W26: =[1]Instrumen!R45 -> 0 | X26: =[1]Instrumen!S45 -> 0 | Y26: =[1]Instrumen!T45 -> 0 | Z26: =[1]Instrumen!U45 -> 0 | AA26: =[1]Instrumen!V45 -> 0 | ... BQ26: =[1]Instrumen!BL45 -> 0
A27: 15 | B27: =Ins_PG!$S$37 -> 100 | E27: =Ins_PG!$S$35 -> C3 | F27: =IF(E27="","",IF(OR(E27="C1",E27="C2"),"Level 1",IF(E27="C3","Level 2",IF(OR(E27="C4",E27="C5",E27="C6"),"Level 3","")))) -> Level 2 | G27: =Ins_PG!$S$39 -> Digunakan | H27: =IF(G27="Ditolak","Soal No. 15 wajib diganti",IF(G27="Digunakan","Soal No. 15 wajib diujikan",IF(G27="Diperbaiki",J27,""))) -> Soal No. 15 wajib diujikan | J27: =IF(Telaah_PG!$KG$6="","",Telaah_PG!$KG$6) -> Soal No. 15 perlu perbaikan pada aspek hal-hal penting, HOTS | K27: =IF(AND(B27="Diperbaiki",HLOOKUP(A27,DataRek1,67)=""),HLOOKUP(A27,DataRek1,78)&", "&HLOOKUP(A27,DataRek1,83)&" Harus diperbaiki !",IF(B27="Diperbaiki",HLOOKUP(A27,DataRek1,67)&", "&HLOOKUP(A27,DataRek1,78)&", "&HLOOKUP(A27,DataRek1,83)&" Harus diperbaiki !","")) | L27: =IF(AND(B27="Diperbaiki",OR(HLOOKUP(A27,DataKet3,6,0)<2,HLOOKUP(A27,DataKet3,7,0)<1,HLOOKUP(A27,DataKet3,8,0)<1,HLOOKUP(A27,DataKet3,9,0)<1,HLOOKUP(A27,DataKet3,10,0)<1,HLOOKUP(A27,DataKet3,11,0)<1,HLOOKUP(A27,DataKet3,12,0)<1,HLOOKUP(A27,DataKet3,13,0)<1,HLOOKUP(A27,DataKet3,14,0)<2,HLOOKUP(A27,DataKet3,15,0)<1)),"Konstruksi Soal (aspek 5,6,7,8,9,10,11,12,13 dan/atau 14) ","") | M27: =IF(AND(B27="Diperbaiki",OR(HLOOKUP(A27,DataKet3,16,0)<>1,HLOOKUP(A27,DataKet3,17,0)<>1,HLOOKUP(A27,DataKet3,18,0)<>1)),"Aspek Bahasa Soal (aspek 15,16,17 dan/atau 18) ","") | N27: =IF(B27="Ditolak","Soal Ditolak",IF(AND(#REF!="",K27="",L27="",M27="",HLOOKUP(A27,DataRek1,50,0)=100),"Soal Dapat Digunakan",IF(AND(K27<>"",L27<>"",M27<>""),K27&", "&L27&", "&M27&" Harus Diperbaiki",IF(OR(K27<>"",L27<>"",M27<>""),K27&", "&L27&", "&M27&" Harus Diperbaiki","")))) -> #REF! | S27: 16 | T27: =[1]Instrumen!O48 -> 0 | U27: =[1]Instrumen!P48 -> 0 | V27: =[1]Instrumen!Q48 -> 0 | W27: =[1]Instrumen!R48 -> 0 | X27: =[1]Instrumen!S48 -> 0 | Y27: =[1]Instrumen!T48 -> 0 | Z27: =[1]Instrumen!U48 -> 0 | AA27: =[1]Instrumen!V48 -> 0 | ... BQ27: =[1]Instrumen!BL48 -> 0
